jaccard_at_5,jaccard_at_10,kendall_tau,n_runs,instance,true_class,pred_label,LIME,Random,TreeSHAP,advantage
0.4867724867724867,0.3288647082764729,0.203778677462888,10,1571748,Analysis,2,-0.442670202255249,-0.0737757682800293,-0.4426542162895203,-0.3688944339752197
0.4656084656084654,0.301740525269937,0.2023991602938971,10,1124981,Analysis,2,-0.4354889333248138,-0.2073825120925903,-0.4354734122753143,-0.22810642123222352
0.4888888888888888,0.3266405707582178,0.2211126105862948,10,1259370,Analysis,2,-0.414492118358612,-0.0015795141458511,-0.4145288944244384,-0.4129126042127609
0.655026455026455,0.5332815332815334,0.3490478332583596,10,1016305,Analysis,2,-0.5206775665283203,-0.2698604881763458,-0.5206125438213348,-0.25081707835197453
0.4656084656084655,0.3123225358519476,0.1933423301844354,10,1764370,Analysis,2,-0.2599691331386566,-0.0863326251506805,-0.2599551796913147,-0.17363650798797609
0.5915343915343914,0.3874380521439345,0.2152346678662468,10,1046218,Analysis,3,0.1891145544984937,0.0864738955357097,0.1891008926211156,0.10264065896278401
0.5158730158730158,0.3602715730166709,0.2375468585994902,10,1781662,Analysis,4,0.2328627701447317,-0.0976039407284588,0.2328510129179221,0.33046671087319046
0.6962962962962964,0.5187627187627188,0.7438896386264807,10,1045716,Analysis,7,0.2648983814705957,0.2356664453546784,0.2648991331146206,0.02923193611591729
0.6592592592592593,0.4875050875050873,0.5298845404108563,10,1046503,Analysis,6,0.1704058189900195,0.0375467505306005,0.1637839664401951,0.132859068459419
0.6814814814814815,0.4655474155474156,0.7102414155045734,10,1049376,Analysis,5,0.1631363569638779,0.1172823075474298,0.1631477449483441,0.045854049416448106
0.5809523809523808,0.4470381470381469,0.3660818713450292,10,1048013,Analysis,6,0.1722254226485802,0.0621445178985595,0.1667393810184137,0.1100809047500207
0.6814814814814815,0.5163207163207164,0.7320737741790373,10,1047359,Analysis,1,0.1656353143318938,-0.0018577218055725,0.1567540270259712,0.1674930361374663
0.4214285714285713,0.3573870573870574,0.3531863847653321,10,1299541,Analysis,3,0.5105899112280327,0.4867446214775555,0.5105859670689881,0.023845289750477172
0.6962962962962964,0.556917156917157,0.7248163142899985,10,1046184,Analysis,1,0.2104480168833106,0.1657068974338472,0.2016351194780355,0.04474111944946341
0.5079365079365079,0.3442696736814384,0.2302294197031039,10,1631161,Analysis,2,-0.2478785574436187,0.0927240699529647,-0.2478699743747711,-0.3406026273965834
0.7333333333333333,0.5186295186295186,0.7421502474134055,10,1046933,Analysis,1,0.1799098883775514,0.1508141004072967,0.1711944176935077,0.029095787970254694
0.451058201058201,0.4106023606023606,0.4962962962962963,10,1713014,Analysis,6,0.2200959456958912,0.0893038261681795,0.216077429532612,0.1307921195277117
0.5396825396825398,0.3717015011132658,0.2511620932673564,10,1048616,Analysis,4,0.1774660691288829,0.0946933337363589,0.1774521024997284,0.08277273539252401
0.4677248677248675,0.3150003591180061,0.19160293897136,10,1455448,Analysis,2,-0.3284507274627685,0.1940639913082122,-0.3284628450870513,-0.5225147187709807
0.6060846560846562,0.4038122371455703,0.4732043784675364,10,1048024,Analysis,6,0.1756816040615149,-0.0416568323969841,0.1701496186734573,0.21733843645849898
0.5523809523809523,0.4484330484330483,0.3297345928924876,10,1712869,Analysis,2,-0.8074313342571259,-0.6042189449071884,-0.8074191689491272,-0.20321238934993746
1.0,0.613904613904614,0.7618833408307094,10,1501463,Analysis,7,0.1922309166186096,0.1403633857145905,0.1922697142979757,0.051867530904019105
0.6732804232804233,0.4770340770340768,0.3437097016044384,10,996895,Analysis,3,0.1985478706912601,0.0180924355983734,0.1985353592179763,0.1804554350928867
0.3571428571428571,0.3051042639277933,0.1926225820962663,10,1454900,Analysis,2,-0.1935177385807037,0.0948590278625488,-0.1935713708400726,-0.2883767664432525
0.476190476190476,0.3125404007756949,0.1926825611036137,10,1455855,Analysis,2,-0.1974046170711517,0.0334104835987091,-0.197375339269638,-0.2308151006698608
0.4761904761904761,0.3611051258110081,0.2100164942270205,10,1131152,Analysis,4,0.2499865383311771,-0.047568130493164,0.2499767672058169,0.2975546688243411
0.5312169312169311,0.3682012976130622,0.2444444444444444,10,1896250,Analysis,2,-0.4887851655483246,-0.3279478907585144,-0.4887354910373688,-0.1608372747898102
0.5492063492063491,0.4727087727087727,0.7045434098065677,10,1877227,Analysis,7,0.170376095904794,0.1415376826655119,0.1704515147122094,0.0288384132392821
0.6814814814814816,0.4744607244607243,0.7372319688109162,10,1049130,Analysis,1,0.1638049558971488,0.1407106457278132,0.1549098937020659,0.023094310169335608
0.7037037037037037,0.4905446405446405,0.7222971959814065,10,1046275,Analysis,7,0.1664038705948201,0.0864622236578725,0.1664409995017308,0.0799416469369476
0.4603174603174601,0.3182180564533506,0.1896836107362423,10,1764718,Analysis,2,-0.3787017524242401,-0.3783692002296447,-0.3786865532398223,-0.0003325521945953813
0.4497354497354495,0.3045572074983839,0.18110661268556,10,1565899,Analysis,2,-0.2532674849033355,0.008027184009552,-0.2532342731952667,-0.2612946689128875
0.6962962962962964,0.4584859584859584,0.709641625431099,10,1047324,Analysis,1,0.1350303334521868,0.063262665817092,0.1528242927959297,0.07176766763509479
0.6740740740740742,0.5194342694342693,0.7280551806867599,10,1048627,Analysis,1,0.1675292804268338,0.1069290430157366,0.1586271373734831,0.0606002374110972
0.7195767195767195,0.4584452584452584,0.4083670715249662,10,1877097,Analysis,2,-0.8181190073490143,-0.0279471330344677,-0.8181272268295288,-0.7901718743145466
0.476190476190476,0.322841102252867,0.17690808217124,10,1630576,Analysis,2,-0.2548599481582642,0.1421383917331695,-0.2549842774868011,-0.3969983398914337
0.4285714285714285,0.3185963274198569,0.1895036737142,10,1260439,Analysis,2,-0.2709036588668823,-0.1230492115020751,-0.2708657085895538,-0.14785444736480718
0.4867724867724868,0.3160118748354042,0.1826660668765932,10,1254953,Analysis,2,-0.3110684156417846,-0.3105397999286651,-0.3110490679740906,-0.0005286157131195179
0.5550264550264549,0.4170940170940169,0.3153996101364522,10,1454641,Analysis,2,-0.420537930727005,-0.3859453320503235,-0.4205167233943939,-0.03459259867668152
0.4669312169312168,0.4012266600501893,0.4574298995351627,10,1074211,Analysis,6,0.2051833626296684,0.0202830612659454,0.2031387513951813,0.184900301363723
0.4814814814814813,0.3170233905528023,0.1814065077222972,10,1630974,Analysis,2,-0.2478785216808319,-0.0453564524650573,-0.2478699743747711,-0.20252206921577462
0.4603174603174601,0.3095692978045919,0.1922627080521817,10,1630954,Analysis,2,-0.5105178356170654,0.1770008862018585,-0.5105222463607788,-0.6875187218189239
0.5026455026455025,0.3322104910340204,0.1657519868046183,10,1455078,Analysis,2,-0.3843617022037506,0.0218022733926773,-0.3843583583831787,-0.4061639755964279
0.4206349206349204,0.3080897316191434,0.1808666966561703,10,1127056,Analysis,2,-0.251349538564682,-0.0294783800840377,-0.2514312863349914,-0.22187115848064431
1.0,0.6123876123876124,0.762423151896836,10,1536023,Analysis,1,0.21062331470348,0.1511010634712875,0.205761256580206,0.05952225123219251
0.431216931216931,0.3072637602049367,0.2153546258809417,10,1452854,Analysis,2,-0.3260220348834991,0.0063116252422332,-0.3259985208511352,-0.33233366012573234
0.5047619047619045,0.3682336182336181,0.2325686009896536,10,1455677,Analysis,2,-0.4043788909912109,-0.3371208190917968,-0.4043759882450103,-0.06725807189941407
0.4656084656084653,0.3752627546745193,0.2347878242615084,10,1260013,Analysis,2,-0.2149254083633422,0.2911403194069862,-0.2149202942848205,-0.5060657277703284
0.4761904761904761,0.3081364169599463,0.2047983205877942,10,1259962,Analysis,2,-0.5541619300842285,0.1133228465914726,-0.5541656494140625,-0.6674847766757012
0.6814814814814815,0.5182225182225183,0.7445494077073025,10,1047484,Analysis,1,0.1516714128985086,0.1299442095565609,0.1427562636306618,0.021727203341947693
0.5629629629629629,0.4340141340141338,0.6747938221622433,10,1877151,Backdoor,5,0.2542007112344436,0.0534255037116054,0.2542066116129945,0.2007752075228382
0.5365079365079365,0.4191957280192573,0.2630979157294947,10,1473607,Backdoor,4,0.2139651184905688,-0.0804490596055984,0.2139562663381184,0.2944141780961672
0.6952380952380952,0.508994708994709,0.7363322837007048,10,1800457,Backdoor,1,0.5947134861148242,0.4726535828743408,0.6020727877221873,0.12205990324048344
0.5947089947089947,0.4013431013431013,0.3396911081121607,10,1008491,Backdoor,2,-0.7591458648443222,-0.5508131444454193,-0.759173360466957,-0.20833272039890294
0.5989417989417988,0.427207977207977,0.3754985754985754,10,1008404,Backdoor,2,-0.8439623057842255,-0.6222854554653168,-0.8440010070800781,-0.2216768503189087
0.6666666666666667,0.4539072039072037,0.7226570700254912,10,1045682,Backdoor,5,0.2172848252117319,0.1884216401493176,0.2172845211910953,0.02886318506241431
0.6074074074074074,0.4740518740518741,0.3249962513120408,10,1877022,Backdoor,2,-0.8060016244649887,-0.3859329558908939,-0.8060525625944137,-0.4200686685740948
0.5193121693121692,0.4605209605209604,0.7101814364972259,10,1895916,Backdoor,1,0.8128916027284504,0.4241570342332125,0.8125983654435004,0.3887345684952379
0.637037037037037,0.4176027676027675,0.3115009746588695,10,1434580,Backdoor,2,-0.740557873249054,-0.1820654690265655,-0.7405912220478058,-0.5584924042224885
0.6476190476190476,0.4777574277574278,0.3885739991003148,10,1008380,Backdoor,2,-0.7509724795818329,-0.637334144115448,-0.7509986340999604,-0.11363833546638491
0.5523809523809523,0.4030820305330108,0.4511920827710302,10,1047411,Backdoor,6,0.1687866129715075,0.1070138644427061,0.1634446792932692,0.061772748528801394
0.5021164021164021,0.4547415547415547,0.7221772379667116,10,1549928,Backdoor,1,0.9359664694386992,0.8314565079257591,0.8956288318336192,0.10450996151294012
0.6888888888888889,0.5311133311133309,0.7449692607587344,10,1048928,Backdoor,0,0.1964239356684629,0.1822431823005899,0.1867486817733152,0.014180753367873
0.605291005291005,0.4168294668294666,0.3337531863847653,10,1712899,Backdoor,2,-0.8161354631185531,-0.0806650042533874,-0.8161297768354416,-0.7354704588651657
0.7248677248677249,0.5209383209383209,0.7285350127455391,10,1010603,Backdoor,1,0.964221985421318,0.558123117312789,0.8349865478960055,0.406098868108529
0.7481481481481479,0.5171643171643172,0.7357924726345779,10,1047750,Backdoor,7,0.1431903612711266,0.067782999202609,0.15735947681367,0.07540736206851761
0.7037037037037037,0.4906796906796907,0.7209176788124156,10,1049729,Backdoor,0,0.176627538663547,0.0990007957443595,0.1667198842260404,0.0776267429191875
0.688888888888889,0.5885077885077885,0.7874943769680611,10,1607651,Backdoor,0,0.1816947160501513,0.1402778156567365,0.1879137517069466,0.04141690039341481
0.3783068783068782,0.5317830317830318,0.733153396311291,10,996567,Backdoor,7,0.2201007035735528,0.2202433150232536,0.221362376050763,-0.00014261144970079132
0.6814814814814815,0.5332297332297332,0.7440695756485229,10,1048137,Backdoor,7,0.1644433485832564,0.1377276582643389,0.1798164783673939,0.026715690318917518
0.547089947089947,0.550812150812151,0.7311740890688261,10,1580263,Backdoor,1,0.9688431825041676,0.6574883970664814,0.9188412248502488,0.31135478543768613
0.5894179894179895,0.4634402634402632,0.4017094017094018,10,1962085,Backdoor,4,0.7001151629953029,0.0871720552444458,0.7001060965091256,0.612943107750857
0.5132275132275131,0.3598494098494099,0.2800719748088169,10,1048424,Backdoor,3,0.154180610223176,0.1413851284887641,0.1541784381652519,0.01279548173441189
1.0,0.6381766381766382,0.7281751387014546,10,1139085,Backdoor,1,0.9651057610055432,0.2547691188054159,0.9560113836516166,0.7103366422001274
0.5735449735449737,0.4660654160654159,0.3476083370820214,10,1712824,Backdoor,2,-0.7876384377479553,0.0565282046794891,-0.7876874446868897,-0.8441666424274443
0.7693121693121694,0.5434565434565436,0.7447893237366922,10,1330003,Backdoor,1,0.9077449976731942,0.7567517939547542,0.9364088873441688,0.15099320371843994
0.5785714285714285,0.5541273541273543,0.7412505623031937,10,1324018,Backdoor,1,0.9681988145706782,0.7088274730340345,0.9204127898779916,0.25937134153664376
0.494179894179894,0.5303511303511305,0.7299145299145299,10,1081413,Backdoor,1,0.8629130802582949,0.4903887751395814,0.9470621235875568,0.37252430511871354
0.8814814814814815,0.5427831427831429,0.6296296296296295,10,29559,Backdoor,6,0.2661722764431261,-0.0316415607929229,0.2607790074791182,0.297813837236049
0.653968253968254,0.5150257150257149,0.7401709401709403,10,1769578,Backdoor,1,0.6467317338013345,0.3066178347391542,0.6564562248059133,0.3401138990621803
0.6814814814814815,0.4847374847374847,0.7200779727095518,10,1046682,Backdoor,7,0.1508154083519457,0.1048662632703781,0.1660869567785937,0.04594914508156761
0.6,0.4175417175417174,0.3426900584795321,10,1877144,Backdoor,2,-0.7589750587940216,-0.6324159055948257,-0.7590703010559082,-0.12655915319919586
0.692063492063492,0.4449217449217448,0.3326735642525116,10,1434528,Backdoor,2,-0.8059925705194473,-0.4160619810223579,-0.8060525625944137,-0.38993058949708936
0.7037037037037036,0.5258741258741259,0.7115609536662167,10,1049280,Backdoor,0,0.1786426435543717,0.1629071157634825,0.1688136858021607,0.015735527790889214
0.5026455026455025,0.3965345112403934,0.3978707452391664,10,1012830,Backdoor,6,0.1793682015135345,0.0851401620544493,0.1700072879732658,0.0942280394590852
0.688888888888889,0.5826395826395826,0.7417303943619733,10,1396760,Backdoor,1,0.9374977456631314,0.5661529028788209,0.9184445193266229,0.37134484278431046
0.5746031746031746,0.5181115181115182,0.7446693657219974,10,1495286,Backdoor,1,0.955545632256826,0.7972953797667287,0.9365660761373874,0.15825025249009728
0.6052910052910053,0.4201872201872202,0.4027890238416552,10,1162444,Backdoor,3,0.3195799637887802,0.0987831100821495,0.3197299208172126,0.22079685370663066
0.5907407407407409,0.4599104599104597,0.430319388214125,10,30780,Backdoor,4,0.8945175635139548,0.6725222865119577,0.8944239582168848,0.22199527700199717
0.5026455026455025,0.5257409257409258,0.6816314289998501,10,1292187,Backdoor,1,0.8681508180932042,0.5766741321305744,0.8523226229881515,0.29147668596262977
0.5060846560846561,0.5077737077737079,0.3837756785125206,10,1238883,Backdoor,3,0.23306936286628,0.1471469873618104,0.2330546863711788,0.0859223755044696
1.0,0.6402486402486403,0.7447893237366922,10,1061202,Backdoor,1,0.965470288517554,0.3337050781527068,0.9552311125753248,0.6317652103648472
0.7185185185185186,0.5394679394679395,0.7558854400959664,10,1465307,Backdoor,5,0.2069898599141197,0.0999680303037166,0.2323354540017817,0.10702182961040309
1.0,0.5833795833795834,0.7285350127455391,10,1343890,Backdoor,5,0.2904763445395474,0.1046252436935901,0.3061962229828282,0.1858511008459573
0.4484126984126985,0.3551916493092964,0.3585245164192532,10,1434509,Backdoor,6,0.1689469853831269,0.1492008920758962,0.1651691440976947,0.019746093307230705
0.5915343915343914,0.5739815739815739,0.722057279952017,10,1547887,Backdoor,1,0.9628359660571733,0.2570706369355321,0.9032143514361906,0.7057653291216411
0.6010582010582011,0.4307692307692307,0.3109011845853952,10,1877212,Backdoor,2,-0.7529000997543335,-0.3397506762295961,-0.7529642045497894,-0.4131494235247374
0.5449735449735448,0.404131054131054,0.2831309041835358,10,1008461,Backdoor,2,-0.6787302076816559,-0.3938726693391799,-0.6786993861198425,-0.284857538342476
0.5835978835978836,0.5057979057979057,0.71941820362873,10,1232837,Backdoor,1,0.3170701154007702,0.2453436629206407,0.3160031064075909,0.07172645248012949
0.7925925925925922,0.5426721426721427,0.732733543259859,10,1236366,Backdoor,9,0.5897869920157035,0.5907638868586218,0.6006421929991348,-0.0009768948429182966
0.5074074074074072,0.3571979219038042,0.2482231219073324,10,538709,Benign,2,-7.152557373046876e-08,-3.099441528320313e-07,1.1920928955078125e-07,2.3841857910156255e-07
0.4034391534391532,0.283794999481274,0.1561553456290298,10,1073604,Benign,2,-4.339218139648437e-06,-4.4226646423339845e-06,-5.245208740234375e-07,8.344650268554721e-08
0.3875661375661375,0.3399291340467811,0.2024591393012446,10,1495300,Benign,2,1.6689300537109377e-07,-1.1920928955078125e-07,3.5762786865234374e-08,2.8610229492187504e-07
0.5370370370370371,0.3312312959371783,0.2134952766531713,10,148348,Benign,2,-5.960464477539064e-08,-1.5497207641601566e-07,-2.86102294921875e-07,9.536743164062502e-08
0.4351851851851852,0.3064270152505447,0.1881241565452091,10,1662917,Benign,2,1.1920928955078126e-08,-3.5762786865234374e-08,-5.960464477539064e-08,4.76837158203125e-08
0.3743386243386243,0.2796088805892727,0.1457189983505773,10,162798,Benign,2,-3.5762786865234374e-08,3.933906555175781e-07,1.9073486328125e-07,-4.2915344238281246e-07
0.4148148148148147,0.3304053245229716,0.2082771030139451,10,1696280,Benign,2,-3.5762786865234374e-08,2.384185791015625e-08,-8.344650268554688e-08,-5.960464477539063e-08
0.4285714285714284,0.2945457955261877,0.1663517768780926,10,1807777,Benign,2,-3.790855407714844e-06,3.2782554626464844e-06,-9.41753387451172e-07,-7.069110870361328e-06
0.3862433862433862,0.2888461937481545,0.1709701604438446,10,236417,Benign,2,1.1920928955078125e-07,1.788139343261719e-07,5.960464477539064e-08,-5.960464477539065e-08
0.3968253968253967,0.3291256673609615,0.1688708951866846,10,512132,Benign,2,-3.099441528320313e-07,-4.529953002929688e-07,1.1920928955078125e-07,1.4305114746093747e-07
0.3703703703703703,0.2801627203587987,0.1673114409956515,10,189264,Benign,2,1.311302185058594e-07,2.5033950805664064e-07,1.311302185058594e-07,-1.1920928955078122e-07
0.3989417989417989,0.3547235988412458,0.2010796221322537,10,1012594,Benign,2,-2.026557922363281e-07,-1.430511474609375e-07,2.384185791015625e-08,-5.96046447753906e-08
0.4047619047619046,0.2704573567318665,0.1291048133153396,10,784017,Benign,2,-1.1920928955078126e-08,-9.5367431640625e-08,0.0,8.344650268554688e-08
0.4179894179894179,0.2906006847183318,0.1698305593042435,10,1832736,Benign,2,1.1920928955078125e-07,-2.384185791015625e-08,2.384185791015625e-08,1.430511474609375e-07
0.4629629629629628,0.3395400895400895,0.2152946468735942,10,1344962,Benign,2,-8.344650268554688e-08,-2.026557922363281e-07,-3.5762786865234374e-08,1.1920928955078121e-07
0.4412698412698412,0.3284134166487107,0.1851851851851852,10,655924,Benign,2,9.5367431640625e-08,-7.152557373046876e-08,-2.384185791015625e-08,1.6689300537109377e-07
0.5246031746031746,0.3288647082764729,0.1962813015444594,10,1089862,Benign,2,-2.384185791015625e-08,0.0,0.0,-2.384185791015625e-08
0.4629629629629628,0.3248354042471689,0.1823061928325086,10,367103,Benign,2,4.76837158203125e-08,9.5367431640625e-08,4.76837158203125e-08,-4.76837158203125e-08
0.3624338624338624,0.3203939125507753,0.17061028639976,10,1490660,Benign,2,-9.5367431640625e-08,-8.344650268554688e-08,-3.5762786865234374e-08,-1.1920928955078122e-08
0.4193121693121692,0.3061836130463581,0.161493477282951,10,886235,Benign,2,-2.7418136596679685e-07,-5.960464477539064e-08,2.384185791015625e-08,-2.1457672119140623e-07
0.4431216931216931,0.3047930283224401,0.1520167941220572,10,762115,Benign,2,0.0,2.980232238769531e-07,4.76837158203125e-08,-2.980232238769531e-07
0.4981481481481482,0.3859381359381359,0.1877043034937772,10,1739598,Benign,2,-3.5762786865234374e-08,3.5762786865234374e-08,-4.76837158203125e-08,-7.152557373046875e-08
0.3492063492063492,0.2721547878410623,0.1913030439346228,10,1685876,Benign,2,-1.1920928955078126e-08,2.384185791015625e-08,-1.1920928955078126e-08,-3.576278686523438e-08
0.4880952380952378,0.3049007637242931,0.172289698605488,10,1440305,Benign,2,-5.960464477539064e-08,-2.026557922363281e-07,-3.099441528320313e-07,1.4305114746093747e-07
0.4576719576719575,0.3081455944201042,0.1925026240815714,10,1152155,Benign,2,2.384185791015625e-08,-8.344650268554688e-08,-8.344650268554688e-08,1.0728836059570314e-07
0.4510582010582009,0.3260824143177084,0.2164342480131953,10,346542,Benign,2,0.0,1.311302185058594e-07,0.0,-1.311302185058594e-07
0.3875661375661376,0.2738486277701965,0.145119208277103,10,1512639,Benign,2,0.0,2.384185791015625e-07,1.430511474609375e-07,-2.384185791015625e-07
0.4087301587301586,0.3082210092014013,0.1607137501874344,10,791805,Benign,2,-2.264976501464844e-06,-2.0384788513183595e-06,1.788139343261719e-07,-2.2649765014648463e-07
0.4444444444444443,0.30511104726791,0.1933423301844354,10,675546,Benign,2,-3.6478042602539056e-06,-2.133846282958984e-06,2.2649765014648442e-07,-1.5139579772949214e-06
0.4828042328042327,0.3218930307165601,0.1628130154445944,10,1775211,Benign,2,9.5367431640625e-08,0.0,4.76837158203125e-08,9.5367431640625e-08
0.4074074074074073,0.2958438076085134,0.1512970460338881,10,1599583,Benign,2,-0.0073930978775024,0.1172758042812347,-0.0073343932628631,-0.1246689021587371
0.435185185185185,0.3212095094448036,0.2035987404408457,10,1701819,Benign,2,4.76837158203125e-08,5.960464477539064e-08,-1.1920928955078126e-08,-1.1920928955078136e-08
0.4021164021164021,0.2931815461227225,0.2173939121307542,10,632209,Benign,2,-3.0517578125e-06,3.814697265625e-07,5.960464477539064e-08,-3.4332275390625e-06
0.4153439153439152,0.3493715434891905,0.2223121907332433,10,1973615,Benign,2,-3.576278686523437e-06,-3.7789344787597655e-06,-9.65595245361328e-07,2.0265579223632846e-07
0.4293650793650792,0.322654360889655,0.1686309791572949,10,989598,Benign,2,-7.152557373046876e-08,2.980232238769531e-07,1.6689300537109377e-07,-3.695487976074219e-07
0.5013227513227513,0.3407048289401231,0.2071974808816914,10,193128,Benign,2,-3.087520599365234e-06,1.132488250732422e-06,2.2649765014648442e-07,-4.220008850097656e-06
0.439153439153439,0.3202303143479614,0.1611935822462138,10,1924369,Benign,2,2.026557922363281e-07,0.0,0.0,2.026557922363281e-07
0.3875661375661374,0.2794468784664863,0.1557354925775978,10,581627,Benign,2,-3.5762786865234374e-08,1.0728836059570313e-07,-8.344650268554688e-08,-1.430511474609375e-07
0.4325396825396824,0.3023187052598817,0.1584945269155795,10,705606,Benign,2,8.344650268554688e-08,2.384185791015625e-07,0.0,-1.549720764160156e-07
0.531216931216931,0.3418743565802389,0.1874643874643874,10,1887795,Benign,2,9.5367431640625e-08,0.0,-2.384185791015625e-08,9.5367431640625e-08
0.3955026455026455,0.2738717709305945,0.1649722597091018,10,170208,Benign,2,-3.099441528320313e-07,-2.86102294921875e-07,-3.457069396972656e-07,-2.3841857910156324e-08
0.5999999999999999,0.3488280782398429,0.1847653321337531,10,662613,Benign,2,4.76837158203125e-08,1.430511474609375e-07,-1.1920928955078126e-08,-9.536743164062499e-08
0.5158730158730159,0.2965452847805788,0.1862048283100915,10,186355,Benign,2,0.0,1.5497207641601566e-07,3.5762786865234374e-08,-1.5497207641601566e-07
0.3849206349206348,0.2990806579041873,0.1875843454790823,10,1182413,Benign,2,0.0,-1.1920928955078126e-08,-2.384185791015625e-08,1.1920928955078126e-08
0.3955026455026455,0.3337223778400249,0.1805068226120857,10,129345,Benign,2,-3.3020973205566405e-06,-4.184246063232422e-06,-5.245208740234375e-07,8.821487426757815e-07
0.4809523809523808,0.3109064138475903,0.2089968511021142,10,328082,Benign,2,3.5762786865234374e-08,-2.384185791015625e-08,1.1920928955078126e-08,5.960464477539063e-08
0.451058201058201,0.3237736120089061,0.1975408606987554,10,1102400,Benign,2,-2.980232238769531e-07,-5.7220458984375e-07,1.1920928955078125e-07,2.7418136596679685e-07
0.6412698412698413,0.3669252316311139,0.2311291048133153,10,524775,Benign,2,9.5367431640625e-08,-4.76837158203125e-08,1.0728836059570313e-07,1.4305114746093752e-07
0.4034391534391534,0.3451710598769422,0.1874643874643874,10,1372841,Benign,2,2.980232238769531e-07,-1.430511474609375e-07,2.384185791015625e-08,4.4107437133789065e-07
0.5013227513227512,0.3686370274605568,0.2731743889638627,10,296427,Benign,2,0.0,0.0,-4.76837158203125e-08,0.0
0.3994708994708994,0.3736287677464148,0.5562153246363774,10,1158565,DoS,3,0.9766783884442418,0.9086773303337397,0.9766406640363924,0.06800105811050217
0.5396825396825395,0.4042531542531543,0.372499625131204,10,1201022,DoS,4,0.7014781648629651,0.1577662408351898,0.7014830888755569,0.5437119240277752
0.4743386243386241,0.5036519036519038,0.627710301394512,10,1750824,DoS,3,0.8046540966005636,0.7241756839216578,0.8046339057513023,0.08047841267890588
0.5894179894179894,0.4106023606023605,0.3230169440695756,10,1506711,DoS,4,0.5162363786277183,0.1833500817418098,0.5162341841552575,0.33288629688590854
0.3783068783068783,0.3823768823768822,0.5933423301844355,10,1834768,DoS,3,0.9289265768121991,0.2103703154294635,0.9289156289339416,0.7185562613827357
0.4603174603174602,0.3593634034810505,0.3050832208726945,10,1860645,DoS,4,0.5228132048179617,-0.1750439465045929,0.5227872989539719,0.6978571513225545
0.5304232804232804,0.4336996336996336,0.4805218173639226,10,1974112,DoS,4,0.9038521183581908,0.6862299900501967,0.9038567319257254,0.2176221283079941
0.4603174603174601,0.3194187076540018,0.2076173339331234,10,1155705,DoS,4,0.4095968309186901,0.395070939976722,0.4095809884473738,0.0145258909419681
0.5502645502645501,0.5386539386539386,0.6260908681961312,10,1282649,DoS,3,0.6672536896273925,0.2384267672896385,0.6672503474899258,0.428826922337754
0.5185185185185184,0.3446766740884388,0.3348328085170191,10,1751148,DoS,4,0.5575788819685045,0.1010893478989601,0.5575725384553607,0.4564895340695444
0.5947089947089945,0.3814611314611313,0.3109611635927426,10,1877091,DoS,2,-0.7558366298675537,-0.1845424756407737,-0.7559008717536926,-0.57129415422678
0.5756613756613754,0.425010175010175,0.3785575048732943,10,1766857,DoS,4,0.5220681839291729,0.5218550769117428,0.5220626216765595,0.00021310701743004756
0.5026455026455025,0.3602384543561014,0.2730544309491678,10,1394195,DoS,4,0.4876112640634801,0.3431406276693451,0.4876101970424997,0.144470636394135
1.0,0.6057646057646058,0.6802519118308592,10,1090425,DoS,3,0.8373964542417582,0.6399488363415002,0.8373948145243958,0.197447617900258
0.5555555555555554,0.3724664224664225,0.3588843904633378,10,1088595,DoS,4,0.7206175552137211,0.4496010143309831,0.720621347370934,0.27101654088273797
0.6708994708994709,0.5005790505790504,0.6359874044084571,10,1724142,DoS,3,0.5639082827072599,0.1996561035513878,0.5639038289148175,0.3642521791558721
0.447089947089947,0.4282458282458281,0.5722297195981406,10,43503,DoS,3,0.8727832306345136,0.7640931298024952,0.8727759738864279,0.10869010083201835
0.7481481481481479,0.437179487179487,0.605458089668616,10,1455512,DoS,3,0.7521355077593569,0.1745944216847419,0.7521360382423723,0.577541086074615
0.4603174603174601,0.2858663123369006,0.1958614484930274,10,1271970,DoS,2,-0.3558356106281281,-0.09517103433609,-0.3558173358440399,-0.2606645762920381
0.6444444444444443,0.475966625966626,0.6277702804018593,10,1574871,DoS,3,0.8733542217447621,0.3978332117199897,0.8733487639253668,0.4755210100247724
0.5417989417989417,0.4444536944536943,0.3772379667116509,10,1491512,DoS,4,0.7210120807834756,0.1260655999183654,0.7210154619607806,0.5949464808651101
1.0,0.8424242424242426,0.7034637876743141,10,1208754,DoS,3,0.8820604478955374,0.6848892912268638,0.8820605344407454,0.19717115666867358
0.4378306878306877,0.425152625152625,0.5477582846003899,10,1458722,DoS,3,0.7448674368409798,0.1273262947797775,0.744856334681657,0.6175411420612023
0.4603174603174602,0.3109854198089492,0.1913630229419703,10,1775172,DoS,2,-0.4777751088142395,-0.2937053829431534,-0.4777591228485107,-0.1840697258710861
0.4962962962962961,0.3894263688381335,0.4016494227020543,10,1914309,DoS,4,0.6251598803860361,0.562638537112889,0.6251517810014547,0.06252134327314707
1.0,0.6176786176786178,0.5820062977957715,10,1137787,DoS,3,0.705846326793619,0.5018629509955644,0.7058529043169074,0.2039833757980546
0.6740740740740742,0.4824471824471825,0.7320737741790373,10,1046186,DoS,1,0.2104616816349789,0.1500057467957958,0.2016351194780355,0.06045593483918307
0.7851851851851849,0.5476597476597476,0.7332133753186385,10,1055420,DoS,7,0.528952824583439,0.5288138701578646,0.5289484116534652,0.00013895442557432247
0.7111111111111111,0.4997964997964999,0.7406507722297196,10,1048475,DoS,0,0.1673859607207987,0.129857458796323,0.1576255420193774,0.03752850192447571
0.5079365079365078,0.3490459431635902,0.2728744939271255,10,1896371,DoS,4,0.6090077796633239,0.2685788796676206,0.6089834672601228,0.34042889999570325
0.5026455026455026,0.4035298035298034,0.3249362723046934,10,1392263,DoS,4,0.6979091912367039,0.6280237941718951,0.6979093235529831,0.06988539706480879
0.3611111111111111,0.3918336565395389,0.5062528115159693,10,1217886,DoS,3,0.9466388871639084,0.2938484190031886,0.9466356829888356,0.6527904681607198
1.0,0.6235986235986236,0.6752136752136751,10,1242761,DoS,3,0.7314784519626756,0.7142862667795271,0.7314718163192652,0.017192185183148467
1.0,0.4917156917156917,0.622372169740591,10,1632351,DoS,3,0.7032716683043873,0.5768337303641602,0.6811390642457354,0.12643793794022706
1.0,0.6266622266622268,0.7524666366771631,10,1126551,DoS,5,0.504287593952722,0.3696365949261235,0.5043027148941974,0.13465099902659855
0.5259259259259257,0.3995522995522994,0.3441295546558705,10,1736916,DoS,4,0.7262152997709108,0.2530020058155059,0.7262260778344967,0.4732132939554049
0.688888888888889,0.526170126170126,0.6039586144849304,10,1439727,DoS,3,0.6494913261971874,0.248240983398864,0.6494943880565757,0.4012503427983234
0.5343915343915342,0.5428571428571429,0.6492427650322389,10,1362406,DoS,3,0.9003210563468059,0.0405395746231079,0.9003191455273282,0.8597814817236981
0.4814814814814813,0.3634046781105604,0.2885889938521517,10,1069485,DoS,4,0.4732134464354772,0.1673213079571724,0.473212080532312,0.30589213847830476
0.7058201058201058,0.5586265586265586,0.3823361823361823,10,1741245,DoS,4,0.4900412285795937,-0.0367708265781402,0.4900391834784841,0.5268120551577339
1.0,0.5844081844081843,0.5749887539361224,10,1936178,DoS,3,0.4565058433877368,0.3362761205011338,0.4565036904012459,0.120229722886603
1.0,0.5332815332815334,0.5155495576548207,10,1460502,DoS,4,0.8655824158598989,0.2774866113904863,0.8655941783752497,0.5880958044694127
1.0,0.6412106412106412,0.7597240965662018,10,1370283,DoS,5,0.3572429852494679,0.1464480483904481,0.3572603580532984,0.21079493685901982
0.6973544973544974,0.4908628408628408,0.6621982306192834,10,1465498,DoS,3,0.8196276248046303,0.6102523362031207,0.8196245097314773,0.20937528860150956
0.7407407407407408,0.5027565027565026,0.4489728594991753,10,994229,DoS,4,0.553701411867155,0.1910793885588645,0.5536831637178693,0.3626220233082905
0.4994708994708993,0.4485958485958485,0.6106162843004949,10,1125246,DoS,3,0.6526641288322367,0.1092709809541702,0.6526633895661973,0.5433931478780665
1.0,0.6568690568690569,0.7837756785125206,10,1895557,DoS,0,0.3552394947299035,0.2362348894996103,0.3683461930544581,0.11900460523029321
0.6201058201058202,0.4876068376068375,0.5975408606987556,10,1205080,DoS,3,0.6983146671331838,0.631856520101428,0.6983035314626136,0.06645814703175579
1.0,0.5164835164835165,0.6000599790073474,10,1248049,DoS,3,0.4594897042206469,-0.0135626316070556,0.4594917721185766,0.4730523358277025
0.4920634920634918,0.4189398836457659,0.4372769530664266,10,1269983,DoS,4,0.7495179518984969,0.0372032165527343,0.749499981318786,0.7123147353457626
0.4835978835978835,0.3913859560918384,0.4257010046483731,10,1851042,Exploits,4,0.905541932053552,0.0156001329421997,0.9055443943087766,0.8899417991113523
0.4761904761904761,0.3979242979242978,0.4757234967761283,10,1118520,Exploits,4,0.9970257681289922,0.2202000021934509,0.997020898595838,0.7768257659355413
0.6687830687830687,0.4920320420320418,0.4522117258959365,10,1878083,Exploits,4,0.973121038868203,0.7058712475030916,0.9730519145661674,0.2672497913651114
0.7407407407407406,0.4617012617012616,0.4195231668915879,10,1428371,Exploits,4,0.8287056032668033,0.6733251284662402,0.8286986067870658,0.15538047480056316
0.4878306878306878,0.4089743589743589,0.4765632028789923,10,1463275,Exploits,4,0.9827081045390968,0.4092657558818928,0.98271417435908,0.573442348657204
0.5343915343915344,0.416015466015466,0.4934173039436197,10,1810130,Exploits,4,0.9370571688851668,0.4399795671924948,0.9370598312913672,0.49707760169267196
0.7037037037037037,0.4386853886853887,0.5218473534263008,10,1742089,Exploits,4,0.939820553626123,0.10579234957695,0.9398250119577368,0.8340282040491731
0.6693121693121693,0.4761090761090761,0.4357174988753935,10,1853426,Exploits,4,0.8653704098081562,0.4536380175617523,0.8653748218839837,0.41173239224640384
0.6000000000000001,0.4798127798127798,0.4092067776278302,10,1817762,Exploits,4,0.9766926295153098,0.5438908509910106,0.9767001483701734,0.43280177852429913
1.0,0.6230806230806232,0.614155045733993,10,1561316,Exploits,4,0.921562463343298,0.8217956520617008,0.9215636465389708,0.09976681128159726
0.4941798941798941,0.4081696081696079,0.5145299145299146,10,1050647,Exploits,4,0.951213941933156,0.2935481567925307,0.9512200509134344,0.6576657851406253
0.5026455026455026,0.4671754171754173,0.5198080671764882,10,1361311,Exploits,4,0.9946959980810106,0.6096932378131896,0.9946966876902138,0.385002760267821
0.5153439153439152,0.4061050061050061,0.4105263157894737,10,1567369,Exploits,4,0.8264845451174324,0.297366726398468,0.8264588043672347,0.5291178187189645
0.5523809523809522,0.392057506763389,0.4150847203478783,10,1916191,Exploits,4,0.9187885571312564,0.9185824588468676,0.9187932159975162,0.0002060982843887782
0.4708994708994706,0.3878103378103377,0.4831009146798622,10,1647670,Exploits,4,0.9926015414001996,0.4597830363549292,0.9926033839243018,0.5328185050452705
0.5566137566137566,0.4407499907499908,0.4681661418503524,10,1973640,Exploits,4,0.8909783930627782,0.1133004672825336,0.8909906536306152,0.7776779257802445
0.6042328042328041,0.4137048137048136,0.4987554355975408,10,1441920,Exploits,4,0.962336103321286,0.5087461054412415,0.9623422488692086,0.4535899978800445
0.7195767195767195,0.5218559218559218,0.4932373669215775,10,1911217,Exploits,4,0.9492946003916132,0.3624049631878733,0.949295531095072,0.5868896372037399
0.6486772486772487,0.4995818995818996,0.4681661418503524,10,1711475,Exploits,4,0.9803655141720812,0.4241919480264187,0.9803737124941564,0.5561735661456625
0.4867724867724867,0.3808242955301779,0.4544909281751386,10,1897211,Exploits,4,0.995832943085793,0.2727835528552532,0.9958290794452864,0.7230493902305397
0.4656084656084654,0.3313677607795255,0.2468436047383416,10,1952406,Exploits,4,0.5325150696549372,0.3924444697528088,0.5325140779275443,0.14007059990212845
0.5100529100529099,0.4187423687423686,0.4466936572199729,10,1174845,Exploits,4,0.9382345558804672,0.4192194866016507,0.9382137307361972,0.5190150692788165
0.6412698412698413,0.4492299639358462,0.4071674913780176,10,976674,Exploits,4,0.8597900888252298,0.2779639214277267,0.8597946584461624,0.5818261673975031
0.4973544973544971,0.4215446862505684,0.4711051132103763,10,1904836,Exploits,4,0.9771306902462128,0.4016230806708336,0.9771386505029568,0.5755076095753793
0.6338624338624338,0.4533984533984533,0.4829809566651672,10,1718805,Exploits,4,0.8733912614916335,0.26889126397582,0.8733955650581038,0.6044999975158134
0.5798941798941798,0.455107855107855,0.4766231818863398,10,1561116,Exploits,4,0.9619243633076168,0.4972652728058165,0.9619304830500368,0.46465909050180026
0.5312169312169311,0.4073810720869543,0.4062678062678063,10,52554,Exploits,4,0.7351112873613147,0.0926093518733978,0.7350973279015761,0.6425019354879169
0.5100529100529099,0.4338217338217338,0.4976158344579398,10,68650,Exploits,4,0.9969014819093444,0.0332148134708404,0.9969373227511368,0.9636866684385039
0.5470899470899471,0.3885225885225885,0.4233618233618232,10,1772338,Exploits,4,0.9330247870982477,0.6241058249026536,0.9330262001112716,0.308918962195594
0.5629629629629629,0.4208994708994708,0.4164642375168692,10,69386,Exploits,4,0.912158481674726,0.9121294663415028,0.9121603416315224,2.9015333223192386e-05
0.5417989417989417,0.3702566496684144,0.3683610736242316,10,1611520,Exploits,4,0.8789951203504642,0.7376132811887146,0.8789979406469228,0.14138183916174962
0.5894179894179892,0.3991045991045989,0.3861148597990703,10,1055081,Exploits,4,0.6537872634916766,0.3815351967859897,0.6537751909272516,0.2722520667056869
0.6126984126984129,0.5463036963036964,0.5469185784975259,10,1871458,Exploits,4,0.9431043963327284,0.0851472437381744,0.943085773552116,0.857957152594554
0.637037037037037,0.4008954008954007,0.3848553006447743,10,1974617,Exploits,4,0.8630575937482263,0.5129657454381231,0.8630735737622217,0.3500918483101032
0.5629629629629629,0.422100122100122,0.3882741040635777,10,1969101,Exploits,4,0.730790396074417,0.7042236164677889,0.7307934483249937,0.02656677960662812
0.5100529100529099,0.4356065503124325,0.5383415804468437,10,1757384,Exploits,4,0.995131503732432,0.0219106793403625,0.9951265698204224,0.9732208243920695
0.8687830687830687,0.7717171717171719,0.6009596641175587,10,1058048,Exploits,4,0.9649190210563802,0.280211853981018,0.9649182509445154,0.6847071670753622
0.6455026455026455,0.4546398046398045,0.4615084720347879,10,57820,Exploits,4,0.920928434092275,0.3930375229392666,0.9209384957819566,0.5278909111530083
0.5894179894179895,0.3958366252483898,0.461808367071525,10,1078612,Exploits,4,0.9631213460141226,0.127572625875473,0.9631283113644712,0.8355487201386496
0.6235449735449736,0.4247049247049246,0.4341580446843605,10,1609885,Exploits,4,0.9948053769869148,0.3185495514189824,0.9948206678876546,0.6762558255679325
0.5047619047619045,0.4200540200540201,0.4735042735042735,10,1767691,Exploits,4,0.9960555107858908,0.4565158748067915,0.9960542391408126,0.5395396359790994
1.0,0.522995522995523,0.5292247713300344,10,1355103,Exploits,4,0.9870316611122234,0.4454296376556158,0.9870524696969823,0.5416020234566077
0.549206349206349,0.4387667887667886,0.4459139301244564,10,1770715,Exploits,4,0.9111292811495332,0.2210792366542591,0.9111648272428056,0.6900500444952741
0.4814814814814813,0.4253561253561252,0.4062078272604587,10,1110130,Exploits,4,0.6254963982099071,0.6252678605160327,0.6254919422405919,0.00022853769387443101
0.5925925925925926,0.4393162393162392,0.4068076173339332,10,1535352,Exploits,4,0.8636314470639718,0.4533092269370172,0.8636174818448581,0.4103222201269546
0.4973544973544971,0.4012820512820512,0.4083670715249662,10,1592204,Exploits,4,0.9144444918664248,0.2286541283130646,0.914437019210618,0.6857903635533602
0.4994708994708993,0.4057327204386027,0.5014544909281751,10,1723770,Exploits,4,0.9416031803484428,0.0709195852279663,0.9415884404378858,0.8706835951204766
0.4973544973544972,0.4345339845339845,0.4849602639076323,10,1669264,Exploits,4,0.995131361245069,0.0845034420490264,0.9951265698204224,0.9106279191960426
1.0,0.6095090095090094,0.5904033588244114,10,1200517,Exploits,4,0.959695851786728,0.0919072672724723,0.9597365415287186,0.8677885845142557
0.6264550264550265,0.4493894993894993,0.4826210826210825,10,1615917,Exploits,4,0.9581268642706164,0.0452193975448608,0.9581381419791342,0.9129074667257556
0.9333333333333332,0.571976171976172,0.7563052931473984,10,1004305,Fuzzers,5,0.978576693574314,0.4985328773735091,0.978575739670265,0.4800438162008049
0.5417989417989417,0.4577330077330077,0.7170790223421802,10,1171242,Fuzzers,5,0.8950006106361797,0.7587559221748961,0.9820146783802216,0.13624468846128368
1.0,0.5317053317053316,0.7409506672664565,10,1499743,Fuzzers,5,0.7443215250819776,0.6173772010373796,0.7731243425277057,0.126944324044598
0.5597883597883597,0.5907795907795909,0.7347728295096717,10,1535112,Fuzzers,5,0.8750343463439094,0.6985723859164864,0.8750388586158409,0.17646196042742301
0.5449735449735449,0.4854700854700852,0.7153396311291048,10,1937800,Fuzzers,5,0.9739239235832428,0.4111288607120514,0.9739269917742605,0.5627950628711913
0.4679894179894179,0.5311022311022311,0.7141400509821564,10,1064371,Fuzzers,5,0.9001751139092449,0.7189908784869659,0.9001799191985128,0.18118423542227902
0.6962962962962964,0.5347467347467346,0.7044834307992203,10,1177713,Fuzzers,5,0.8802517088826789,0.3078778617084026,0.953600281539184,0.5723738471742763
0.7111111111111111,0.5098290598290598,0.7466486729644625,10,1267792,Fuzzers,5,0.9643903115644208,0.9636968740989686,0.9644436433802868,0.0006934374654521402
1.0,0.5114367114367115,0.7539061328535013,10,1795765,Fuzzers,5,0.6666195960277037,0.5468563780828845,0.6666296604792705,0.11976321794481926
0.7851851851851849,0.566113516113516,0.7687209476683162,10,1268735,Fuzzers,5,0.9643968979897182,0.4432691037654876,0.9644436433802868,0.5211277942242305
0.6243386243386243,0.5516261516261517,0.731593942120258,10,1010147,Fuzzers,5,0.9871459034131476,0.5822621673345566,0.9871436915911376,0.40488373607859096
0.5756613756613755,0.5108151108151109,0.7176188334083071,10,1481108,Fuzzers,5,0.9821376893636624,0.8135252002626657,0.982154592658088,0.1686124891009967
0.5883597883597882,0.5760165760165761,0.7189383715699507,10,1852343,Fuzzers,5,0.8924325089305511,0.4272299233824014,0.969838586601179,0.46520258554814975
0.5148148148148147,0.5825877825877827,0.7195981406507722,10,1050619,Fuzzers,5,0.5202868268851489,-0.0109770476818084,0.5202937579300169,0.5312638745669573
0.6645502645502644,0.5034891034891034,0.7398710451342031,10,1073332,Fuzzers,5,0.989888275486578,0.1005927324295044,0.9898055892468222,0.8892955430570736
0.5047619047619047,0.491168091168091,0.7149197780776728,10,1761103,Fuzzers,5,0.8949880533314627,0.6572758355803672,0.9820146783802216,0.23771221775109552
0.6179894179894181,0.496866096866097,0.7383115909431699,10,1148600,Fuzzers,5,0.901953754342594,0.329546919465065,0.989074388008197,0.572406834877529
0.5185185185185185,0.4972730972730971,0.7034637876743141,10,980937,Fuzzers,5,0.6516723562208426,0.575990684793851,0.7101995246382444,0.07568167142699167
0.5449735449735449,0.5100825100825099,0.7071225071225071,10,1828041,Fuzzers,5,0.8336880085456869,0.4305187275591379,0.9124014176950936,0.40316928098654903
0.7629629629629627,0.6118696118696119,0.7483280851701904,10,1901624,Fuzzers,5,0.7892141817702395,0.4703307211399078,0.8113650658370034,0.3188834606303317
0.568253968253968,0.5019628519628518,0.7153396311291047,10,1353040,Fuzzers,5,0.8602182490097221,0.3172270353883505,0.9003718904987181,0.5429912136213716
0.8296296296296295,0.5935175935175936,0.7271554955765481,10,1463596,Fuzzers,5,0.8998802764632728,0.8812024931090491,0.9821290657162536,0.018677783354223765
0.4785714285714285,0.4928978428978428,0.7133003448792923,10,1148577,Fuzzers,5,0.8414036115835188,0.3789707809686661,0.8824394579506759,0.46243283061485274
0.5455026455026454,0.5009046509046508,0.6869095816464238,10,1050525,Fuzzers,5,0.9570072416897346,0.5845665931577969,0.9570217949462744,0.3724406485319377
0.9333333333333332,0.553986753986754,0.7307542360173939,10,1766305,Fuzzers,5,0.7464334837413844,0.5283446218818426,0.7464432820498814,0.2180888618595418
0.5417989417989417,0.5119029119029116,0.6908681961313541,10,1130670,Fuzzers,5,0.8894374776236873,0.5887659958694712,0.9783746589036582,0.3006714817542161
1.0,0.5795981795981795,0.7477882741040633,10,1744800,Fuzzers,5,0.9769880237987764,0.8219093726947904,0.9769883652935504,0.155078651103986
0.598941798941799,0.5389277389277387,0.7259559154295995,10,1331791,Fuzzers,5,0.9852712715524832,0.8551123703364283,0.9852712286835896,0.1301589012160549
0.6095238095238095,0.3787485934544757,0.3626630679262258,10,1008333,Fuzzers,2,-0.8280630052089691,-0.7928042888641358,-0.8281156957149506,-0.03525871634483335
0.5132275132275131,0.4851648351648351,0.7167191482980956,10,1351932,Fuzzers,5,0.8930201623028552,0.6671459063887596,0.9821281874355976,0.2258742559140956
0.5193121693121693,0.5155881155881157,0.7108412055780476,10,1795899,Fuzzers,5,0.9783626455398916,0.6789448757393984,0.9783746589036582,0.29941776980049317
0.7417989417989418,0.4972730972730971,0.7195381616434249,10,1148785,Fuzzers,5,0.9821224922187868,0.3831559747457504,0.9821290657162536,0.5989665174730363
0.598941798941799,0.5363451363451364,0.7285350127455391,10,979823,Fuzzers,5,0.9447419157179866,0.2819589398801326,0.9447472032739824,0.6627829758378541
0.5206349206349206,0.5232878232878234,0.7159394212025791,10,1531533,Fuzzers,5,0.8820454728991536,0.4002799324691296,0.9256017432729664,0.481765540430024
0.5417989417989417,0.4647944647944648,0.7195381616434249,10,1449444,Fuzzers,5,0.982046707761174,0.6427762188017369,0.9820146783802216,0.3392704889594371
0.529100529100529,0.5725755725755728,0.7316539211276053,10,1669817,Fuzzers,5,0.8450862902861445,0.50301753282547,0.8450740410395781,0.34206875746067444
0.6687830687830688,0.4655659155659154,0.6065377118008697,10,1493757,Fuzzers,6,0.3335465131483716,0.0306428350508213,0.3299196522804095,0.30290367809755026
0.7185185185185186,0.529048729048729,0.7462288199130305,10,29850,Fuzzers,5,0.9643820324269654,0.5632037058472633,0.9644436433802868,0.4011783265797021
0.6137566137566138,0.4925000925000925,0.7042435147698305,10,1460835,Fuzzers,5,0.8068783606908709,0.6439581848680973,0.8701552500184391,0.16292017582277363
0.7481481481481482,0.553927553927554,0.7315339631129106,10,1350973,Fuzzers,5,0.8012519210222309,0.690554693096783,0.8012785619992429,0.1106972279254479
0.5328042328042327,0.468120768120768,0.6977657819763082,10,65162,Fuzzers,5,0.9438489349292468,0.7184346606198233,0.9438499251915744,0.2254142743094235
0.531216931216931,0.5096459096459096,0.7195381616434249,10,1741743,Fuzzers,5,0.9561180294271252,0.760045491863275,0.9561245865480372,0.19607253756385024
1.0,0.5483405483405484,0.7692007797270956,10,1004346,Fuzzers,5,0.9923305035362772,0.6967421902565547,0.992327797215438,0.29558831327972246
0.5605820105820104,0.5220483220483221,0.7255360623781676,10,1374096,Fuzzers,5,0.8836531983916757,0.573262675665319,0.883658012689206,0.3103905227263567
0.8814814814814813,0.6826210826210827,0.7756185335132701,10,1818275,Fuzzers,5,0.7895276993946936,0.6873150281608105,0.7895393827928615,0.10221267123388311
0.5047619047619046,0.4572853072853072,0.7144999250262409,10,1169185,Fuzzers,5,0.8949972047612391,0.4027479074435405,0.9820146783802216,0.4922492973176986
0.6878306878306878,0.4884911384911385,0.7250562303193882,10,1896224,Fuzzers,5,0.9871369606998996,0.9673123056418262,0.9871436915911376,0.019824655058073404
0.6550264550264551,0.5872571872571873,0.7213975108711951,10,1354542,Fuzzers,5,0.8967504818360794,0.7012308016419411,0.9936186669508402,0.19551968019413835
0.4761904761904761,0.3139732816203404,0.1970010496326286,10,1533168,Fuzzers,2,-0.409444111585617,-0.158306211233139,-0.4094216167926788,-0.25113790035247796
1.0,0.5448477448477448,0.7459889038836405,10,994531,Fuzzers,5,0.7464255012855574,0.6184590918011963,0.7464432820498814,0.1279664094843611
1.0,0.6174566174566176,0.7214574898785424,10,1786394,Generic,6,0.8520476921082263,0.4883655820041895,0.8404708493870657,0.3636821101040368
0.6518518518518519,0.4934953934953936,0.6706552706552705,10,1833477,Generic,6,0.9656542674373668,0.2600828647613525,0.9356707022484216,0.7055714026760143
0.4259259259259259,0.4764582911641733,0.6453441295546559,10,56059,Generic,6,0.9901705820140704,0.3758623470552266,0.9442683231984234,0.6143082349588438
1.0,0.5635105635105635,0.7079622132253711,10,990517,Generic,6,0.9719575522153492,0.4528466442832723,0.9779681825804404,0.5191109079320768
0.6719576719576719,0.4383597883597882,0.6307692307692309,10,1655343,Generic,6,0.9273337205229836,0.94361739116448,0.9273355730829052,-0.016283670641496384
1.0,0.5419395419395421,0.6959664117558855,10,1041063,Generic,6,0.9767154402926737,0.2356657922267913,0.9890513798756672,0.7410496480658824
1.0,0.4753764753764752,0.6708951866846605,10,1639858,Generic,6,0.903279446280908,0.1536198079586029,0.8961481745667698,0.7496596383223051
0.3968253968253967,0.4552910052910052,0.6659169290748238,10,1450893,Generic,6,0.675546143452948,0.321223113645101,0.6687075527390902,0.35432302980784697
0.4576719576719575,0.4774928774928774,0.7058029689608637,10,1185595,Generic,6,0.8484301898867557,0.7972591074925276,0.8321966926231881,0.051171082394228073
0.5449735449735448,0.595833795833796,0.723316839106313,10,1206487,Generic,6,0.7742326887637546,0.5057332403957844,0.769464899147988,0.26849944836797024
1.0,0.5491545491545491,0.732853501274554,10,1007701,Generic,6,0.9785666368627062,0.7698832101414155,0.9903419681572416,0.2086834267212907
0.6867724867724868,0.5007215007215007,0.6776728145149199,10,1727775,Generic,6,0.9706074732041088,0.6512724863975337,0.9406473177548036,0.3193349868065751
0.5841269841269842,0.3897232397232396,0.2638176638176638,10,1781665,Generic,4,0.232863197096276,0.0862711247056722,0.2328510129179221,0.1465920723906038
0.6349206349206349,0.512931512931513,0.6960263907632328,10,1692963,Generic,6,0.8237521278869394,0.4175781100988388,0.8189530827536373,0.40617401778810064
0.5788359788359787,0.4499185999185999,0.674194032088769,10,1859121,Generic,6,0.8678589897178199,0.3001242458820343,0.8626237357396007,0.5677347438357856
1.0,0.547933547933548,0.6933273354325986,10,1012234,Generic,6,0.9842288298420498,0.7720990505069494,0.972751051769302,0.21212977933510047
0.5915343915343914,0.5018000518000517,0.6533813165392114,10,1313792,Generic,6,0.9555891099709244,0.1058927655220031,0.938605492596264,0.8496963444489213
0.52010582010582,0.4814236961295785,0.6582995951417003,10,1309489,Generic,6,0.9229317526590876,0.3179341167211532,0.8988268290928317,0.6049976359379343
0.4748677248677248,0.5949679949679949,0.6839106312790524,10,1205409,Generic,6,0.7151047972942252,0.0543729543685913,0.7092315497207778,0.6607318429256339
0.6708994708994708,0.4596459096459097,0.3150397360923677,10,980216,Generic,4,0.4322466814421887,0.2517175182700157,0.4322189241412843,0.180529163172173
0.688888888888889,0.5435064935064935,0.7245164192532615,10,1659520,Generic,6,0.8223201442811842,0.8215117093467142,0.8098164578012301,0.0008084349344699149
1.0,0.6531986531986533,0.7249962513120408,10,1724735,Generic,6,0.9085701440356388,0.0672493636608123,0.8917933818005735,0.8413207803748266
1.0,0.5515965515965515,0.6948268106162843,10,1053299,Generic,6,0.9744567197355082,0.057923537492752,0.9818255924175674,0.9165331822427562
1.0,0.5793835793835795,0.7056230319388214,10,1038274,Generic,6,0.9856999521676698,0.6819817854673602,0.985889136491852,0.3037181667003096
0.708994708994709,0.3862984510043333,0.3119208277103014,10,1877215,Generic,2,-0.7529108226299286,-0.6099267899990082,-0.7529642045497894,-0.1429840326309204
0.6486772486772487,0.4575998075998076,0.6585395111710901,10,1735423,Generic,6,0.55093712543121,0.2680496535263955,0.5460503611939658,0.2828874719048145
0.5238095238095235,0.4499999999999999,0.6907482381166591,10,1877154,Generic,5,0.2542065420548169,0.1613210851326584,0.2542066116129945,0.09288545692215852
1.0,0.5354275354275354,0.6879892037786773,10,1057943,Generic,6,0.9782923362085058,0.9553659485813114,0.9904375479284284,0.022926387627194345
1.0,0.5605505605505605,0.7223571749887541,10,1004892,Generic,6,0.9843426277745492,0.6093408616517081,0.9907460737264784,0.3750017661228411
1.0,0.5581085581085581,0.6866696656170342,10,1060185,Generic,6,0.986527518753246,0.0106149613857269,0.9854106916762078,0.975912557367519
0.7037037037037037,0.4987678987678988,0.7029839556155346,10,1610138,Generic,6,0.8659224155720494,0.4825822293991223,0.8503366870563468,0.3833401861729271
1.0,0.5777555777555778,0.7288349077822763,10,1002238,Generic,6,0.9849127502364354,0.2354355476796627,0.9904663711696742,0.7494772025567727
1.0,0.5388685388685389,0.7082621082621082,10,1041775,Generic,6,0.985218027430392,0.1687953114509582,0.9911838940220434,0.8164227159794338
0.365079365079365,0.3953075247192892,0.6106762633078421,10,1501150,Generic,6,0.6197116106415251,0.2782132685184478,0.6024262410804567,0.34149834212307734
0.9333333333333332,0.5724645724645725,0.7061028639976009,10,1056025,Generic,6,0.9303163530689288,0.5355948016047478,0.9764779401654607,0.394721551464181
1.0,0.5326599326599326,0.6923676713150398,10,1931378,Generic,6,0.6488303818405257,0.0593700975179672,0.6445002103186652,0.5894602843225585
0.602116402116402,0.4608465608465609,0.6882291198080672,10,1931319,Generic,6,0.9022733913478078,0.0911742538213729,0.8891908334835137,0.8110991375264349
1.0,0.5641025641025642,0.6602189233768181,10,1131975,Generic,6,0.6557407896949371,0.3288005224256721,0.650381624843817,0.326940267269265
1.0,0.5705405705405705,0.7257159994002099,10,1007782,Generic,6,0.978253734154714,0.1654001578688621,0.9904375479284284,0.8128535762858519
0.606084656084656,0.4503348503348502,0.6210526315789475,10,1667269,Generic,6,0.4541562164747234,0.2852942556142807,0.4516668751732481,0.1688619608604427
1.0,0.5631035631035631,0.730334382965962,10,1002677,Generic,6,0.985694370913734,0.5257936418056488,0.9907541026812224,0.4599007291080852
0.4708994708994707,0.3969881969881969,0.4243214874793822,10,1379809,Generic,4,0.7884266917222703,0.3338436089456081,0.7884097237414835,0.4545830827766622
1.0,0.5755355755355757,0.7256560203928626,10,1060030,Generic,6,0.9766586653346166,0.7096882386598736,0.9895562208888862,0.266970426674743
0.4708994708994708,0.2882508558979147,0.2168541010646273,10,1065155,Generic,4,0.3647191500544068,0.3141417668899521,0.3646787204947941,0.0505773831644547
0.6772486772486773,0.3895341042399866,0.3482081271554956,10,1114370,Generic,2,-0.8016341954469681,-0.1734385475516319,-0.8016807049512863,-0.6281956478953362
1.0,0.5471195471195469,0.7165392112760534,10,1012654,Generic,6,0.9892436868814912,0.2562494494020939,0.9776119841012872,0.7329942374793974
0.4867724867724867,0.4816128316128316,0.6514619883040936,10,1745123,Generic,6,0.8880153767393495,0.8702553023584187,0.8880204183219689,0.017760074380930746
1.0,0.6086876086876087,0.7447893237366922,10,1975467,Generic,5,0.2193356356374352,0.113085126876831,0.2193536139346406,0.10625050876060418
0.9333333333333332,0.5656565656565657,0.6903883640725746,10,1007789,Generic,6,0.9373557349387738,0.0028654158115386,0.9905514719771702,0.9344903191272351
0.617989417989418,0.5206645206645208,0.7098815414604888,10,1854085,Generic,6,0.931832534045111,0.7596776106773178,0.9172566739092644,0.17215492336779326
0.7629629629629628,0.5430791430791431,0.7335732493627231,10,1698295,Reconnaissance,5,0.4348397755125006,0.3595416519761329,0.4347888496336963,0.07529812353636767
0.6962962962962963,0.5101639101639102,0.7462288199130304,10,1971205,Reconnaissance,7,0.8961134752473299,0.5588278697803617,0.9878255252226296,0.3372856054669682
0.6814814814814815,0.4991859991859992,0.7327935222672064,10,1906012,Reconnaissance,7,0.8961200305428122,0.8955761820430894,0.9878255252226296,0.0005438484997227766
0.6063492063492062,0.5281829281829283,0.7245763982606089,10,1538156,Reconnaissance,7,0.9958213411928228,0.2786681398749351,0.995809952393668,0.7171532013178877
0.5830687830687828,0.4116605616605615,0.3377118008696956,10,1009520,Reconnaissance,4,0.5729898979667724,0.1428250283002853,0.5729661716108921,0.43016486966648704
0.7925925925925924,0.5471195471195471,0.7411306042884991,10,1064928,Reconnaissance,7,0.598731375733314,0.4090079867281019,0.5987253732749622,0.18972338900521213
0.688888888888889,0.5084249084249085,0.7355525566051883,10,1848598,Reconnaissance,7,0.8961112279020653,0.6475217629224062,0.9878255252226296,0.24858946497965917
0.6814814814814815,0.4895382395382394,0.7426300794721846,10,1917532,Reconnaissance,7,0.8961167673086038,0.7742648059967905,0.9878255252226296,0.1218519613118133
0.7333333333333332,0.524083324083324,0.7381916329284751,10,1580943,Reconnaissance,7,0.9878260770726685,0.4739315535873175,0.9878255252226296,0.5138945234853509
0.6814814814814815,0.4974210974210975,0.723916629179787,10,1358836,Reconnaissance,7,0.987828900518332,0.8885961009385255,0.9878255252226296,0.09923279957980657
0.6317460317460317,0.5073445073445073,0.7080221922327186,10,1183173,Reconnaissance,7,0.9001686657659661,0.9700493271785262,0.995809952393668,-0.06988066141256011
0.5619047619047619,0.5155270655270655,0.7321337531863849,10,1267604,Reconnaissance,7,0.9001595856985205,0.4810396740213036,0.995809952393668,0.4191199116772169
0.688888888888889,0.4995004995004995,0.7366921577447894,10,1380557,Reconnaissance,7,0.8961189408356063,0.7148458246141672,0.9878255252226296,0.18127311622143905
0.5365079365079363,0.4637048137048136,0.686669665617034,10,1732218,Reconnaissance,7,0.9958268586643272,0.5266113315941766,0.995809952393668,0.4692155270701506
0.7259259259259259,0.4887260887260886,0.7443694706852603,10,1729193,Reconnaissance,7,0.8961193992187872,0.388671602262184,0.9878255252226296,0.5074477969566032
0.6888888888888889,0.5339327339327339,0.7459889038836408,10,1260296,Reconnaissance,7,0.8961183589448865,0.6128164187073708,0.9878255252226296,0.28330194023751565
0.688888888888889,0.5423150923150921,0.7509071824861299,10,1592540,Reconnaissance,7,0.8961181104048421,0.7296954277902842,0.9878255252226296,0.16642268261455795
0.7037037037037037,0.5328227328227328,0.7347128505023242,10,1899432,Reconnaissance,7,0.9878293075120156,0.611666947323829,0.9878255252226296,0.3761623601881866
0.5021164021164021,0.5295371295371296,0.7224771330034487,10,1524875,Reconnaissance,7,0.9958264975471736,0.8838019189688111,0.995809952393668,0.11202457857836245
0.4814814814814812,0.4826210826210825,0.710601289548658,10,1502737,Reconnaissance,7,0.9958268131423323,0.5067778987169731,0.995809952393668,0.48904891442535925
0.4928571428571427,0.4600732600732599,0.6745539061328535,10,1832170,Reconnaissance,7,0.995822719697992,0.6018083812548867,0.995809952393668,0.3940143384431053
0.6962962962962963,0.5123321123321123,0.7149197780776728,10,1451451,Reconnaissance,7,0.8961203375599212,0.0135238289833068,0.9878255252226296,0.8825965085766143
0.4457671957671957,0.4915750915750915,0.7010646273804169,10,1457411,Reconnaissance,7,0.9958118589229344,0.5860743490979076,0.995809952393668,0.4097375098250269
0.5555555555555554,0.3612882759941583,0.3531264057579847,10,1179262,Reconnaissance,4,0.7117587737743634,0.5375302467495203,0.7117475395746624,0.17422852702484304
0.561111111111111,0.4846856846856846,0.6920677762783026,10,1649062,Reconnaissance,7,0.995813435267064,0.6005071934312582,0.995809952393668,0.39530624183580576
0.5523809523809523,0.5253043253043252,0.7170790223421802,10,1868897,Reconnaissance,7,0.9958230855528428,0.5547112060117797,0.995809952393668,0.4411118795410631
0.5820105820105819,0.4207773707773707,0.4622881991303043,10,1945039,Reconnaissance,4,0.7850026193441408,0.4776795022218721,0.7849739904174499,0.30732311712226873
0.6510582010582011,0.5142043142043141,0.7190583295846454,10,1409046,Reconnaissance,7,0.9958198429004484,0.0282331883907318,0.995809952393668,0.9675866545097167
0.5470899470899472,0.4894179894179895,0.6932673564252512,10,1524528,Reconnaissance,7,0.9958281173264368,0.3287584845442325,0.995809952393668,0.6670696327822043
0.5238095238095237,0.467073667073667,0.6795921427500374,10,1799840,Reconnaissance,7,0.9958171786725074,0.3220317751169205,0.995809952393668,0.6737854035555869
1.0,0.5775705775705776,0.7198380566801619,10,994104,Reconnaissance,7,0.991602020523078,0.3025397419929504,0.9915336904083404,0.6890622785301276
0.6962962962962964,0.4819902319902319,0.7228370070475334,10,1372627,Reconnaissance,7,0.987822426477635,0.4377577595412731,0.9878255252226296,0.5500646669363618
0.5211640211640213,0.4627798127798129,0.6924276503223873,10,1939880,Reconnaissance,7,0.9001676699308063,0.8659569162875413,0.995809952393668,0.03421075364326498
0.6814814814814816,0.4952676952676954,0.7458089668615985,10,1635669,Reconnaissance,7,0.8961204397151278,0.7563124428779702,0.9878255252226296,0.1398079968371576
0.6740740740740742,0.5067155067155068,0.7471285050232418,10,1412976,Reconnaissance,7,0.8961196645154189,0.1326429277658462,0.9878255252226296,0.7634767367495727
0.5153439153439152,0.475071225071225,0.6987254460938671,10,1517400,Reconnaissance,7,0.9001629553051543,0.813576463132631,0.995809952393668,0.08658649217252334
0.6412698412698412,0.4237688237688237,0.3719598140650773,10,1014651,Reconnaissance,4,0.6786235469461189,-0.1167270332574844,0.678594885695486,0.7953505802036034
0.4523809523809522,0.505820105820106,0.7005847953216374,10,1067671,Reconnaissance,7,0.9001613167235973,0.55315823815763,0.995809952393668,0.34700307856596735
0.4677248677248676,0.506010656010656,0.7042435147698305,10,1640445,Reconnaissance,7,0.995821428115528,0.902092663384974,0.995809952393668,0.09372876473055403
0.6888888888888889,0.4997446997446998,0.725056230319388,10,998917,Reconnaissance,7,0.9878284484503524,0.3709155602846294,0.9878255252226296,0.6169128881657231
0.5407407407407407,0.3855658502717325,0.3332733543259859,10,1792043,Reconnaissance,4,0.5437971712422041,0.2826122128404676,0.5437863458901347,0.26118495840173644
0.7185185185185186,0.5081585081585082,0.7340530814215024,10,1505997,Reconnaissance,7,0.8961165213715958,0.6268859883770347,0.9878255252226296,0.2692305329945611
0.688888888888889,0.4798201798201797,0.7151596941070627,10,1140057,Reconnaissance,7,0.9878253314851008,0.4731115698814392,0.9878255252226296,0.5147137616036616
0.7185185185185186,0.5417471417471418,0.7423301844354475,10,1640880,Reconnaissance,7,0.9878295643712248,0.4349507631734013,0.9878255252226296,0.5528788011978235
0.6962962962962964,0.4919006919006919,0.7366921577447892,10,1131924,Reconnaissance,7,0.9878247090685364,0.4863535552969552,0.9878255252226296,0.5014711537715812
0.5579365079365081,0.5073149073149072,0.7136002399160295,10,1449685,Reconnaissance,7,0.9958260205600936,0.6663352428207873,0.995809952393668,0.32949077773930635
0.688888888888889,0.5293743293743294,0.723196881091618,10,1343503,Reconnaissance,7,0.9878272962167328,0.81384420664981,0.9878255252226296,0.17398308956692277
0.5518518518518517,0.5083934583934584,0.7198980356875094,10,1347747,Reconnaissance,7,0.9958266916503477,0.4308351144225071,0.995809952393668,0.5649915772278405
0.5312169312169311,0.4951770451770451,0.7003448792922479,10,1242397,Reconnaissance,7,0.4881535450271969,0.3930515883126645,0.5026311337456448,0.09510195671453237
0.6042328042328043,0.4458282458282457,0.390973159394212,10,1238760,Reconnaissance,4,0.6260699706871037,-0.0538200072944164,0.6260527450383051,0.6798899779815201
1.0,0.5491027491027491,0.7588843904633377,10,1733959,Shellcode,8,0.7856229973627705,0.6339513073129638,0.7856274103711627,0.15167169004980674
0.5092592592592592,0.4854904354904354,0.7022642075273655,10,1603572,Shellcode,5,0.6062008362747292,0.5643265742092467,0.606214805399236,0.041874262065482504
0.7037037037037038,0.5185481185481184,0.7429899535162695,10,1019006,Shellcode,8,0.6262413098093589,0.5369331633322872,0.626243584416352,0.08930814647707164
1.0,0.5700521700521701,0.7539061328535014,10,1241937,Shellcode,8,0.7856234549394117,0.5175312921548766,0.7856274103711627,0.26809216278453507
0.4835978835978835,0.5022070522070523,0.7042435147698305,10,1838825,Shellcode,5,0.7036186701916449,0.3475429263956357,0.7036266468110852,0.3560757437960092
0.6074074074074072,0.4998464498464497,0.7267956215324637,10,1926306,Shellcode,8,0.4040676678070667,0.4351982770567701,0.4357557982854899,-0.0311306092497034
0.5891534391534391,0.5312539312539313,0.720677762783026,10,1578161,Shellcode,5,0.7036175279947201,0.6281885171774775,0.7036266468110852,0.07542901081724263
1.0,0.5861471861471862,0.7407107512370671,10,1895274,Shellcode,8,0.9014263251549663,0.7884333878599591,0.9014288068892172,0.11299293729500726
0.4047619047619047,0.4974358974358975,0.6977657819763083,10,1915879,Shellcode,5,0.7042917805227262,0.4645952149294317,0.7043015473850346,0.23969656559329455
0.688888888888889,0.5175713175713176,0.7385515069725594,10,1561587,Shellcode,7,0.4345498976086446,0.4048092489289047,0.4622989596498513,0.02974064867973991
0.6962962962962964,0.525955525955526,0.73387314439946,10,1768431,Shellcode,8,0.8711180292171037,0.5366660475730896,0.9606894320293832,0.33445198164401413
0.5423280423280422,0.5108669108669108,0.6995051731893837,10,1775238,Shellcode,5,0.7613304127355149,0.394479452073574,0.7613557201182516,0.36685096066194095
1.0,0.5790061790061791,0.7665617034038088,10,72046,Shellcode,8,0.8091137158461492,0.3801396861672401,0.8091214332816719,0.42897402967890913
1.0,0.5615051615051616,0.7537261958314591,10,1466470,Shellcode,8,0.53300860909319,0.4566048234511982,0.5710774158319026,0.07640378564199185
0.5153439153439152,0.5177859177859178,0.7126405757984705,10,1650389,Shellcode,5,0.6960118927292569,0.3647480123545392,0.6960316933299111,0.3312638803747177
0.7259259259259259,0.5269323269323269,0.7257759784075573,10,1946653,Shellcode,7,0.9878310254489862,0.2579828530550003,0.9878255252226296,0.7298481723939858
0.6201058201058202,0.5345543345543344,0.7417903733693206,10,1305230,Shellcode,8,0.4505294163116332,0.4439016739837825,0.4676084526895501,0.006627742327850683
1.0,0.5498871498871499,0.7567251461988305,10,1500724,Shellcode,8,0.7856236714958129,0.7074289181681251,0.7856274103711627,0.07819475332768777
0.6042328042328041,0.5610685610685611,0.7434697855750487,10,1331263,Shellcode,8,0.6255178296526651,0.6705248821759596,0.6710758266342225,-0.04500705252329451
0.4814814814814815,0.5232082732082733,0.6842105263157894,10,1975277,Shellcode,5,0.4206271405593725,0.1194825173413846,0.4206341380737797,0.3011446232179879
0.5312169312169313,0.5266659266659267,0.7116809116809116,10,1780062,Shellcode,5,0.7284293923586119,0.443428055800905,0.7284298235021709,0.28500133655770693
0.8222222222222221,0.5536315536315537,0.7629629629629631,10,1510232,Shellcode,8,0.954398670450962,0.5914718277839711,0.9543997396301052,0.36292684266699093
0.7185185185185186,0.5217948717948718,0.742929974508922,10,1083385,Shellcode,8,0.5237016495908392,0.4545685908640735,0.5748986647817389,0.06913305872676573
0.6814814814814815,0.5176009176009175,0.7257759784075575,10,1935743,Shellcode,8,0.7722804121026684,0.6961463086947333,0.8523303907837743,0.07613410340793514
1.0,0.6056536056536057,0.757504873294347,10,1801992,Shellcode,8,0.7856235474302252,0.5395729176903842,0.7856274103711627,0.24605062973984104
0.5275132275132274,0.5005291005291004,0.7052031788873896,10,1181215,Shellcode,5,0.587413270270099,0.3615298554301261,0.5874219442581989,0.22588341483997293
1.0,0.5744995744995745,0.765482081271555,10,1659391,Shellcode,8,0.7125036071417185,0.7085143459495157,0.7683073029643424,0.003989261192202775
0.5883597883597883,0.5591667591667591,0.7270955165692009,10,1051271,Shellcode,5,0.6391779808904176,0.6897935242799577,0.6960316933299111,-0.05061554338954011
1.0,0.5672031672031673,0.7477882741040636,10,1482471,Shellcode,8,0.7305699980346503,0.6204999445593785,0.7856274103711627,0.11007005347527177
1.0,0.5794427794427797,0.7678812415654521,10,1460171,Shellcode,8,0.8019271306600103,0.2383327808231115,0.8019326401458869,0.5635943498368988
0.5259259259259258,0.4968050468050467,0.7238566501724397,10,1577520,Shellcode,8,0.530810695851369,0.3534990324638783,0.5529340623244934,0.17731166338749066
0.616931216931217,0.5404447404447404,0.7230169440695756,10,1973029,Shellcode,8,0.485364515974976,0.2854187220335006,0.4853657636798978,0.19994579394147538
0.638095238095238,0.5541495541495542,0.7323736692157744,10,49460,Shellcode,8,0.8231822811612801,0.7922826526511926,0.8231906752056346,0.03089962851008754
0.7185185185185186,0.4685074185074184,0.7428699955015743,10,1543429,Shellcode,8,0.7359945429677281,0.5223294310306301,0.7360201991637261,0.21366511193709803
1.0,0.5786805786805788,0.7559454191033138,10,1033886,Shellcode,8,0.6135392804108619,0.3209779098629951,0.6551074838919902,0.2925613705478668
1.0,0.6352906352906352,0.7723196881091619,10,1533391,Shellcode,8,0.613208413433506,0.6343771311223463,0.6604839948650578,-0.02116871768884032
1.0,0.5630517630517631,0.7654221022642076,10,1522523,Shellcode,8,0.7005327623537824,0.5583839235651794,0.7005365078313901,0.14214883878860296
0.7195767195767194,0.5808487808487809,0.7521067626330784,10,1752472,Shellcode,8,0.4297116087800077,0.3970329838528414,0.4458480976158654,0.03267862492716628
0.6253968253968254,0.52991452991453,0.728954865796971,10,1342434,Shellcode,8,0.6024829598133238,0.4515696405040216,0.6024928094022215,0.15091331930930219
0.6095238095238094,0.5426203426203426,0.7300944669365724,10,1439384,Shellcode,8,0.4758791873413031,0.3939219203894026,0.5011441369543093,0.08195726695190048
0.5915343915343915,0.5256891256891256,0.7204378467536363,10,1261880,Shellcode,5,0.6538306487486807,0.6079014081209607,0.6538452252146953,0.04592924062771997
0.7333333333333333,0.5323047323047323,0.7442495126705655,10,1865461,Shellcode,8,0.9138782898028468,0.8529510501772165,0.9138802871510052,0.06092723962563029
0.6105820105820107,0.5346949346949346,0.7340530814215024,10,1052485,Shellcode,5,0.5356040712926188,0.3652154655490449,0.5356189388623136,0.1703886057435739
0.5280423280423279,0.5167351167351166,0.7002249212775529,10,1461496,Shellcode,5,0.696012677251565,0.3505025314778322,0.6960316933299111,0.3455101457737328
0.5259259259259258,0.3941391941391942,0.2804318488529015,10,1631812,Shellcode,2,-0.6462558090686799,-0.0840299308300018,-0.646240872144699,-0.5622258782386781
0.7111111111111111,0.5235135235135234,0.722896986054881,10,1521418,Shellcode,8,0.5230162729015546,0.3744482576847076,0.5230229119556412,0.14856801521684704
1.0,0.5178673178673179,0.7561253561253564,10,1959362,Shellcode,8,0.6135392988828471,0.5564632630412234,0.6551074838919902,0.057076035841623685
1.0,0.5594701594701595,0.7515069725596042,10,1733532,Shellcode,8,0.6135402684981386,0.5600368330255151,0.6551074838919902,0.053503435472623484
0.7333333333333333,0.5376549376549377,0.7529464687359425,10,1308393,Shellcode,8,0.8686921857822199,0.8163115093484521,0.9543997396301052,0.05238067643376776
0.7037037037037037,0.487066637066637,0.7402309191782878,10,1395109,Shellcode,7,0.9878257780656328,0.7266953255515546,0.9878255252226296,0.2611304525140782
0.5608465608465609,0.4433954933954931,0.4394361973309342,10,1044387,Worms,4,0.6926482776425814,0.1292603567242622,0.692616836296429,0.5633879209183192
0.5502645502645503,0.3815628815628815,0.4021892337681811,10,1776045,Worms,4,0.6926466806187364,0.6924871900333528,0.692616836296429,0.0001594905853835593
0.6814814814814815,0.498168498168498,0.6984855300644774,10,1048789,Worms,6,0.8012253353930646,0.5259912887588143,0.7768297117964608,0.27523404663425033
0.5851851851851851,0.5329855329855329,0.3548058179637127,10,1362439,Worms,4,0.4840975368842237,0.2336869737133383,0.4840969397011577,0.2504105631708854
0.6962962962962963,0.486903836903837,0.6767131503973609,10,1145206,Worms,6,0.8012157633647803,0.6472965500957798,0.7768297117964608,0.1539192132690005
0.6328042328042327,0.4035816035816035,0.3715999400209926,10,1342709,Worms,4,0.6926462351227656,-0.1870519995689392,0.692616836296429,0.8796982346917048
0.7629629629629628,0.5246827246827247,0.7305143199880043,10,1213172,Worms,9,0.8584114020104294,0.5504470285028219,0.8978227256985519,0.3079643735076075
0.5862433862433861,0.5869241869241869,0.7149797570850203,10,1774381,Worms,9,0.8153404992614582,0.13959382167086,0.8853032828593996,0.6757466775905983
0.6962962962962964,0.4844932844932844,0.7213975108711951,10,1949772,Worms,9,0.8276143983435759,0.6061179374344647,0.8148651104107302,0.22149646090911113
0.7185185185185186,0.5747955747955749,0.7331533963112912,10,1127556,Worms,9,0.6867744312555175,0.4421384878456592,0.6867035128372578,0.24463594340985834
1.0,0.6373996373996376,0.7317738791423002,10,1724721,Worms,9,0.6277124315667919,0.5551756983811629,0.6276796729549574,0.07253673318562903
1.0,0.6304066304066305,0.7140200929674614,10,1904842,Worms,9,0.9269115958542672,0.1740917205810546,0.9710806366180008,0.7528198752732126
0.8169312169312168,0.6388426388426389,0.5761283550757235,10,1377858,Worms,4,0.9233975089827254,0.6622343868017196,0.923452234187289,0.2611631221810058
0.5986772486772487,0.4697191697191697,0.6430049482681062,10,1906418,Worms,6,0.788134470836576,0.3832217957125977,0.7768297117964608,0.40491267512397827
1.0,0.7189329189329189,0.7456290298395561,10,1313152,Worms,9,0.9831245328185844,0.4022789808114794,0.983087542245366,0.580845552007105
0.7407407407407408,0.6082510082510083,0.7465287149497676,10,1410778,Worms,9,0.7986582857798936,0.8243997603834486,0.8244367685718899,-0.025741474603555026
0.7481481481481479,0.5331705331705332,0.7257759784075575,10,1041957,Worms,9,0.5675643184833546,0.4993187693333311,0.5667378604176321,0.06824554915002357
0.7407407407407406,0.5145465645465647,0.7314739841055633,10,1259108,Worms,9,0.6867728528698563,0.6727991267795005,0.6867035128372578,0.013973726090355854
0.7777777777777778,0.5157805157805158,0.7221172589593642,10,1430270,Worms,9,0.5845458568119455,0.3984625623362262,0.6008018286987934,0.1860832944757193
0.7777777777777778,0.53984533984534,0.7370520317888739,10,1853130,Worms,9,0.7196789622657718,0.630634374821966,0.7376295610306116,0.08904458744380572
0.7555555555555554,0.5168683168683169,0.7242765032238717,10,996702,Worms,9,0.7469126076388093,0.6174007665598765,0.7460694575586316,0.12951184107893277
0.5470899470899471,0.5318755318755319,0.7078422552106763,10,1638436,Worms,9,0.8903313453014163,0.2635984072469,0.8853032828593996,0.6267329380545164
0.7851851851851852,0.5776519776519777,0.7447293447293448,10,1189420,Worms,9,0.8245484168101654,0.0451634466648101,0.8244367685718899,0.7793849701453553
0.7333333333333333,0.4812576312576312,0.708502024291498,10,1780608,Worms,9,0.6528269333446047,0.6450810381793417,0.652030213403728,0.007745895165263028
1.0,0.6446516446516448,0.705862947968211,10,1250248,Worms,9,0.6583992727932468,0.6582173102810884,0.6583973777955577,0.00018196251215840675
1.0,0.6651126651126652,0.7015444594391964,10,42842,Worms,9,0.5346597972675908,0.356475126981968,0.5425568711571558,0.17818467028562285
1.0,0.6446516446516448,0.7087419403208877,10,1556064,Worms,9,0.7678986938956882,0.6902541406881937,0.7935528830940441,0.07764455320749453
0.7629629629629628,0.5250083250083251,0.7129404708352076,10,1649686,Worms,9,0.7469126101715744,0.2712743391282856,0.7460694575586316,0.4756382710432888
0.7407407407407406,0.5270137270137271,0.7141400509821564,10,1059089,Worms,9,0.7469126005282873,0.3216248581171385,0.7460694575586316,0.42528774241114886
0.6973544973544974,0.4896214896214896,0.7279952016794122,10,1418648,Worms,9,0.6613982228544643,0.4856856820173562,0.6817905324750854,0.17571254083710808
0.7851851851851849,0.5301883301883302,0.7133603238866398,10,1852439,Worms,9,0.8382120193389,0.6150188032905362,0.8582452565315009,0.22319321604836384
0.7259259259259259,0.5514855514855515,0.7389113810166441,10,1388846,Worms,9,0.7986583410438655,0.6669208256527781,0.8244367685718899,0.13173751539108736
0.8222222222222221,0.536049136049136,0.7278752436647173,10,65670,Worms,9,0.6233711156955678,0.2112602344670449,0.6225684853537501,0.4121108812285229
