n,macro_f1,balanced_accuracy,accuracy,macro_average_precision,false_alarm_rate,absent_test_classes,source,target,task,seed,model,train_seconds,inference_seconds
80000,0.9556687486595142,0.9725213366823543,0.980825,0.9732909700935607,0.016601451740954974,[],ids2018,ids2018,binary,7,DecisionTree,5.984130800000003,0.13702220000004672
80000,0.4300026893660756,0.4697958120791943,0.6949375,0.5626043817342573,0.29144739381618395,[],ids2018,unsw,binary,7,DecisionTree,5.984130800000003,0.0988147000000481
80000,0.982745862926085,0.9753048472409453,0.9929125,0.983415460875255,0.001630373142792333,[],ids2018,ids2018,binary,7,DeepMLP,72.23618970000007,0.5682342000000062
80000,0.5455332996452688,0.5286851699954217,0.9714125,0.5012050451746849,0.0018142281810110783,[],ids2018,unsw,binary,7,DeepMLP,72.23618970000007,0.5855140999999549
80000,0.9586869919944615,0.9467952780549294,0.9832125,0.9773696748721087,0.005500737212203698,[],ids2018,ids2018,binary,7,FeatureCNN,60.44303120000018,0.9285957000001872
80000,0.48173302933159057,0.4770465226463987,0.920275,0.487654869652484,0.052921422046089114,[],ids2018,unsw,binary,7,FeatureCNN,60.44303120000018,0.8514964999999393
80000,0.9872424513401457,0.9783280032972497,0.994775,0.9868138624381744,0.0001275944198707043,[],ids2018,ids2018,binary,7,RandomForest,23.412736700000096,0.553054100000054
80000,0.4868729639350769,0.48808574696467033,0.947925,0.47916210563376627,0.024266910279339672,[],ids2018,unsw,binary,7,RandomForest,23.412736700000096,0.35360060000016347
80000,0.9705098824167375,0.972274812327028,0.98765,0.9808690018514927,0.007584779403425201,[],ids2018,ids2018,binary,7,ShallowMLP,12.801679599999943,0.2268211999999039
80000,0.33827875556289655,0.28268888787114727,0.50585,0.4649289305356669,0.4806546661691478,[],ids2018,unsw,binary,7,ShallowMLP,12.801679599999943,0.19928649999997106
80000,0.9821115407508345,0.9788257437722849,0.9925875,0.9870563029743497,0.003147329023477373,[],ids2018,ids2018,binary,7,SoftVoting,35.931379000000106,0.8013558999998622
80000,0.5139267818444033,0.5107643917721347,0.968425,0.4992716507546042,0.0038986605591940196,[],ids2018,unsw,binary,7,SoftVoting,35.931379000000106,0.5624884999999722
80000,0.9851410488440244,0.9793271513735041,0.993875,0.9874419392574609,0.0016161959850289215,[],ids2018,ids2018,binary,7,XGBoost,6.534511500000008,0.31096099999990656
80000,0.5297778012499679,0.5191482496500859,0.9723125,0.5003743833656695,0.0002830710637038562,[],ids2018,unsw,binary,7,XGBoost,6.534511500000008,0.28148109999983717
80000,0.9582185496943261,0.9716692653894937,0.9802125,0.9824415082331558,0.016702935623802043,[],ids2018,ids2018,binary,42,DecisionTree,7.194460999999933,0.18246400000009544
80000,0.49309492954238376,0.49446708985392307,0.8936,0.5047225037107169,0.07400288322921672,[],ids2018,unsw,binary,42,DecisionTree,7.194460999999933,0.14723210000011022
80000,0.9852328213484065,0.9775444579243842,0.9933125,0.9834592197254042,0.0009943939241090086,[],ids2018,ids2018,binary,42,DeepMLP,40.69543479999993,0.46024499999998625
80000,0.497215159932607,0.5025998457041225,0.960075,0.4848187420367095,0.0027923165837630036,[],ids2018,unsw,binary,42,DeepMLP,40.69543479999993,0.6381536999999753
80000,0.9848135038271602,0.9778283174670881,0.9931125,0.9847840543707047,0.0013690930839182003,[],ids2018,ids2018,binary,42,FeatureCNN,58.21699910000001,0.5037234000000126
80000,0.4869035819917034,0.48544957386860316,0.91505,0.46528303059936754,0.050079873241814614,[],ids2018,unsw,binary,42,FeatureCNN,58.21699910000001,0.598395499999981
80000,0.9819057615213582,0.9774819571331672,0.99175,0.9872926687503147,0.003098473821499085,[],ids2018,ids2018,binary,42,RandomForest,22.82513229999995,0.4094322999999349
80000,0.4878066282692852,0.492940245463071,0.947025,0.4832288010619136,0.016117511071859943,[],ids2018,unsw,binary,42,RandomForest,22.82513229999995,0.27302450000001954
80000,0.9715152216378916,0.9739244175569283,0.986825,0.983597456812933,0.008517200132585856,[],ids2018,ids2018,binary,42,ShallowMLP,11.797015800000054,0.1526997000000847
80000,0.48496461163780236,0.48252739074459405,0.894025,0.4866911451773801,0.07257425613984961,[],ids2018,unsw,binary,42,ShallowMLP,11.797015800000054,0.14365599999996448
80000,0.9865047268803393,0.9788738015454439,0.9938875,0.9871367794919563,0.0006917522950323538,[],ids2018,ids2018,binary,42,SoftVoting,35.40419089999989,0.8292412000000695
80000,0.5178055869485061,0.5139252325701148,0.9630875,0.49229552693785544,0.0004545631647986285,[],ids2018,unsw,binary,42,SoftVoting,35.40419089999989,0.518695399999956
80000,0.9828170355516317,0.977806783056033,0.992175,0.9873492482840323,0.002637305624810849,[],ids2018,ids2018,binary,42,XGBoost,5.384597600000006,0.24339239999994788
80000,0.5284189186342275,0.5195992257501147,0.9635375,0.4881309447812239,0.00042858812681013546,[],ids2018,unsw,binary,42,XGBoost,5.384597600000006,0.222013899999979
80000,0.9320917674583521,0.9387896326815038,0.9713375,0.9482832966738466,0.018632132281054734,[],ids2018,ids2018,binary,1337,DecisionTree,4.908180299999913,0.12300279999999475
80000,0.46415169204220186,0.4798035914840815,0.7666625,0.5069383632659967,0.20367990347794157,[],ids2018,unsw,binary,1337,DecisionTree,4.908180299999913,0.11442529999999351
80000,0.9846754583187589,0.9765425588950529,0.9937375,0.9847169116447021,0.0009634866882978874,[],ids2018,ids2018,binary,1337,DeepMLP,48.478080799999816,0.29536399999983587
80000,0.5065775161306446,0.5075766649940312,0.9434125,0.5580995781103214,0.011527566490059277,[],ids2018,unsw,binary,1337,DeepMLP,48.478080799999816,0.3000616000001628
80000,0.9828523318595965,0.9759264979906963,0.992975,0.9816357821883365,0.0017711152358417049,[],ids2018,ids2018,binary,1337,FeatureCNN,48.716965699999946,0.7163339000001088
80000,0.4873467090325513,0.48948831042785673,0.9205375,0.5333176198562759,0.03489744531290982,[],ids2018,unsw,binary,1337,FeatureCNN,48.716965699999946,0.735575899999958
80000,0.9864789159337786,0.9771975125351691,0.9944875,0.9870299289224436,0.0001841959845275373,[],ids2018,ids2018,binary,1337,RandomForest,20.68609460000016,0.4826674999999341
80000,0.4879803384449963,0.4999475423595447,0.95305,0.4826387613347171,0.00010491528091066464,[],ids2018,unsw,binary,1337,RandomForest,20.68609460000016,0.3434551999998803
80000,0.9775724640921095,0.9738838515988292,0.99075,0.980626878469767,0.004052311659605821,[],ids2018,ids2018,binary,1337,ShallowMLP,8.740063999999848,0.16934919999994236
80000,0.5068539962090861,0.5066450100215367,0.9150375,0.48252885011277563,0.04273986256098201,[],ids2018,unsw,binary,1337,ShallowMLP,8.740063999999848,0.16867419999994127
80000,0.9668494723049276,0.9448829630286425,0.986875,0.9872798056154952,0.0001841959845275373,[],ids2018,ids2018,binary,1337,SoftVoting,31.031367600000067,0.7835508000000573
80000,0.49679357019806714,0.5041751061231503,0.9528875,0.48911507551896855,0.0007212925562608194,[],ids2018,unsw,binary,1337,SoftVoting,31.031367600000067,0.5486066999999366
80000,0.9870356911663176,0.9779227363892864,0.9947125,0.9877007835182593,0.00011335137509386911,[],ids2018,ids2018,binary,1337,XGBoost,5.437092699999994,0.30536129999995865
80000,0.4887808142107988,0.5003346413966027,0.9530625,0.46259497592783183,0.0001311441011383308,[],ids2018,unsw,binary,1337,XGBoost,5.437092699999994,0.2711710999999468
80000,0.40197565618398856,0.3795435933100497,0.64775,0.4859242192449819,0.2691249858228422,[],unsw,ids2018,binary,7,DecisionTree,1.629029599999967,0.13497580000000653
80000,0.9576466040324281,0.9889094464173671,0.9949875,0.9695648334197355,0.0046449388180496405,[],unsw,unsw,binary,7,DecisionTree,1.629029599999967,0.13262199999996938
80000,0.4356009115681477,0.666035885010811,0.47215,0.5404535038725427,0.5879409096064421,[],unsw,ids2018,binary,7,DeepMLP,48.2012246999999,0.29154299999993327
80000,0.9536964213244093,0.9964730824503449,0.9943875,0.9843490284977883,0.005738622473269085,[],unsw,unsw,binary,7,DeepMLP,48.2012246999999,0.2946160000000191
80000,0.4389096001397976,0.6711389787135069,0.475825,0.503539613387995,0.5847085176363842,[],unsw,ids2018,binary,7,FeatureCNN,106.44857239999999,1.6463963999999578
80000,0.9544509710025935,0.9965245499164728,0.9944875,0.9826209358463041,0.005635687541013137,[],unsw,unsw,binary,7,FeatureCNN,106.44857239999999,1.3673271999998633
80000,0.4410392332697654,0.4394597194231424,0.7602625,0.43191634384622846,0.1403113303844845,[],unsw,ids2018,binary,7,RandomForest,6.64084969999999,0.31769439999993665
80000,0.9692194925620601,0.997076894430756,0.9963875,0.9894161003256969,0.0036541900950861437,[],unsw,unsw,binary,7,RandomForest,6.64084969999999,0.326447700000017
80000,0.4735039668304144,0.6149188544070372,0.552775,0.561182739329505,0.466485199047295,[],unsw,ids2018,binary,7,ShallowMLP,19.214602600000035,0.17544810000003963
80000,0.6656811830965397,0.952192692027082,0.907525,0.9803772691706998,0.09517621173715565,[],unsw,unsw,binary,7,ShallowMLP,19.214602600000035,0.20389739999995982
80000,0.4488129439107751,0.45213100058089195,0.783575,0.42695131432056843,0.11370080526256096,[],unsw,ids2018,binary,7,SoftVoting,14.381325800000013,0.5200158999999758
80000,0.9597589928587409,0.9911658017934291,0.9952375,0.9903206281466765,0.004516270152729706,[],unsw,unsw,binary,7,SoftVoting,14.381325800000013,0.39070809999998346
80000,0.4642648562954266,0.47945925779666976,0.8356375,0.4166287889736046,0.053972439605307926,[],unsw,ids2018,binary,7,XGBoost,6.111446500000056,0.31146639999997205
80000,0.9757258115952409,0.9820015552042247,0.997275,0.9900909103542888,0.001801361314479085,[],unsw,unsw,binary,7,XGBoost,6.111446500000056,0.24050429999999778
80000,0.63184690591286,0.6726558997001764,0.7879125,0.5666393940787472,0.1704737062070357,[],unsw,ids2018,binary,42,DecisionTree,0.7737713999999869,0.08614680000005137
80000,0.9652520801793656,0.9922799535966282,0.9946875,0.9687426886485944,0.005117082483733133,[],unsw,unsw,binary,42,DecisionTree,0.7737713999999869,0.08394049999992603
80000,0.462417059558245,0.6836623293031219,0.494725,0.5152316508376147,0.5734914755941143,[],unsw,ids2018,binary,42,DeepMLP,57.026567,0.3748418999999785
80000,0.9620092947560419,0.9966149327033518,0.9941,0.9823788516933759,0.006104133927295869,[],unsw,unsw,binary,42,DeepMLP,57.026567,0.43855870000004415
80000,0.456106904387898,0.663074778377187,0.4908625,0.5803540192486781,0.5713153381659918,[],unsw,ids2018,binary,42,FeatureCNN,60.44163220000007,0.7650873000000047
80000,0.958516169729547,0.9944026366419447,0.9935375,0.9716675427678356,0.006532722054106004,[],unsw,unsw,binary,42,FeatureCNN,60.44163220000007,1.0353624000000536
80000,0.43731181041355294,0.4389092499118811,0.7474,0.5062243517333672,0.14121834872962574,[],unsw,ids2018,binary,42,RandomForest,4.779198000000065,0.23311709999995855
80000,0.9645165400145157,0.9949221374017145,0.9945375,0.9882238332254327,0.0054937205345662815,[],unsw,unsw,binary,42,RandomForest,4.779198000000065,0.1903731999999536
80000,0.42483634195708947,0.566496728647185,0.47275,0.5830225135499464,0.561097580308118,[],unsw,ids2018,binary,42,ShallowMLP,13.83295129999999,0.12005820000001677
80000,0.9555052409880047,0.9960434818676049,0.993,0.9738757347875888,0.007247035598789563,[],unsw,unsw,binary,42,ShallowMLP,13.83295129999999,0.12636640000005173
80000,0.4379627780139896,0.44383125054473516,0.7628625,0.5546267095179513,0.12195016501174538,[],unsw,ids2018,binary,42,SoftVoting,10.17056660000003,0.6525971999999456
80000,0.9664896234202301,0.9925438601555853,0.9948875,0.9903088663840721,0.0049222696988194346,[],unsw,unsw,binary,42,SoftVoting,10.17056660000003,0.34110249999991993
80000,0.45745017511530206,0.4752650964367101,0.8159375,0.4209428696679382,0.06106155154275173,[],unsw,ids2018,binary,42,XGBoost,4.617597199999977,0.20616159999997308
80000,0.9697190746169733,0.9749802993435863,0.995575,0.9900428807534496,0.002753354026780264,[],unsw,unsw,binary,42,XGBoost,4.617597199999977,0.1720006000000467
80000,0.5014523431007324,0.5903003473268436,0.62335,0.5182898055922369,0.36646499567847884,[],unsw,ids2018,binary,1337,DecisionTree,1.0899914999999964,0.08899979999978314
80000,0.9757043532795137,0.9919378359045508,0.9955125,0.9746268172948673,0.004117924775743587,[],unsw,unsw,binary,1337,DecisionTree,1.0899914999999964,0.09801310000011654
80000,0.411250569308831,0.6041364732211564,0.45185,0.5246813580126161,0.5950805503209261,[],unsw,ids2018,binary,1337,DeepMLP,64.09071329999983,0.2773199000000659
80000,0.9723299281984252,0.9970185081416554,0.9948,0.9922647873350979,0.005429365787126895,[],unsw,unsw,binary,1337,DeepMLP,64.09071329999983,0.3058706000001621
80000,0.38720307718944497,0.5284232557728233,0.4365375,0.5070842806276348,0.5917791915213172,[],unsw,ids2018,binary,1337,FeatureCNN,46.62030000000004,0.7532819000000472
80000,0.9734000815509166,0.9970031333502892,0.9950125,0.9851090738833728,0.0051933064050779,[],unsw,unsw,binary,1337,FeatureCNN,46.62030000000004,0.729255700000067
80000,0.43151995027984796,0.42432113199999344,0.733675,0.4810550077059211,0.17099054932910154,[],unsw,ids2018,binary,1337,RandomForest,5.150234200000114,0.22790410000015981
80000,0.9765529744162256,0.9964430626617993,0.9956375,0.993486317417891,0.004445785028589414,[],unsw,unsw,binary,1337,RandomForest,5.150234200000114,0.2093260999999984
80000,0.47410582683850877,0.5968790613619588,0.5638125,0.5249470838281359,0.44637771511965657,[],unsw,ids2018,binary,1337,ShallowMLP,12.810952100000122,0.19529160000001866
80000,0.9716987072677012,0.9969529360910863,0.994675,0.9806814993299156,0.005560509888265226,[],unsw,unsw,binary,1337,ShallowMLP,12.810952100000122,0.16279979999990246
80000,0.44676514710654247,0.4488702251573408,0.7786125,0.49919824742300684,0.11976989670855945,[],unsw,ids2018,binary,1337,SoftVoting,10.365592500000048,0.38542819999997846
80000,0.9774418699661472,0.9932499487320339,0.9958375,0.9944962107264974,0.0038949798038084246,[],unsw,unsw,binary,1337,SoftVoting,10.365592500000048,0.3701234000000113
80000,0.4671256137394967,0.4897022574812603,0.8595,0.40159812619887236,0.026538390693852106,[],unsw,ids2018,binary,1337,XGBoost,4.125366799999938,0.21714109999993525
80000,0.9796373141771159,0.9846263703158952,0.996325,0.9943832337023237,0.002465509101400619,[],unsw,unsw,binary,1337,XGBoost,4.125366799999938,0.19295229999988806
80000,0.6491952363235406,0.7181712100659425,0.8279875,0.6417050112872907,0.1862594986957015,[],ids2018,ids2018,multiclass,7,DecisionTree,6.215517599999885,0.1645143000000644
80000,0.6779103308182829,0.7455941073836237,0.928075,0.7334935130942174,0.0749688102529205,[],ids2018,ids2018,multiclass,7,DeepMLP,62.39725490000001,0.2652844000001551
80000,0.5725019392766691,0.7358758023702011,0.9326,0.6959973052721806,0.06670352727685154,[],ids2018,ids2018,multiclass,7,FeatureCNN,33.7645258,0.6404802000001837
80000,0.7572770319596908,0.755369682119347,0.9773,0.7568905420033922,0.020060678235227402,[],ids2018,ids2018,multiclass,7,RandomForest,25.785901400000057,1.139624700000013
80000,0.6466380178965536,0.7480462860679111,0.8013375,0.7276465400557336,0.21923556765339686,[],ids2018,ids2018,multiclass,7,ShallowMLP,19.964462800000092,0.145911900000101
80000,0.6855556027581735,0.7171351772913208,0.9873625,0.7566521497315312,0.006039469207213338,[],ids2018,ids2018,multiclass,7,SoftVoting,101.71612509999977,3.807985400000007
80000,0.6674526917302643,0.7002216808529235,0.9896125,0.7487621585173159,0.003019734603606669,[],ids2018,ids2018,multiclass,7,XGBoost,69.71470609999983,1.9956511000000319
80000,0.7147279537051161,0.7498325627218114,0.7393375,0.7250057914372613,0.2938506103272853,[],ids2018,ids2018,multiclass,42,DecisionTree,3.2298139000000674,0.0965289999999186
80000,0.5886783895077926,0.7300511012640051,0.9394375,0.7203635058485963,0.0437965671792359,[],ids2018,ids2018,multiclass,42,DeepMLP,97.93073420000007,0.3322695000000522
80000,0.5681870278021904,0.7322611795619323,0.875575,0.7088641494381207,0.13641931718283878,[],ids2018,ids2018,multiclass,42,FeatureCNN,97.66661429999999,0.8379853999999796
80000,0.6874898021561537,0.7301645825337686,0.9690125,0.736927298868926,0.029471530069607576,[],ids2018,ids2018,multiclass,42,RandomForest,13.456059800000048,0.6431760000000395
80000,0.529367380507965,0.7301408805105815,0.572575,0.7087826019627738,0.4886797619219185,[],ids2018,ids2018,multiclass,42,ShallowMLP,12.247817800000007,0.2595351000001074
80000,0.7343580629110316,0.7315786179063106,0.9907,0.7379879621795101,0.0040928677456080935,[],ids2018,ids2018,multiclass,42,SoftVoting,74.86831610000013,1.6353752999999642
80000,0.7375291931659461,0.7313146697875141,0.9940125,0.7409022789222648,0.00028823012293014745,[],ids2018,ids2018,multiclass,42,XGBoost,58.18244240000001,0.9108853999999837
80000,0.668605167263858,0.758266353259678,0.875275,0.7621045098766495,0.13468977145528996,['DoS attacks-SlowHTTPTest'],ids2018,ids2018,multiclass,1337,DecisionTree,5.350707099999909,0.16940589999967415
80000,0.4550180130296492,0.7300960227762658,0.526075,0.6942484671446275,0.5324964223472236,['DoS attacks-SlowHTTPTest'],ids2018,ids2018,multiclass,1337,DeepMLP,32.735688799999934,0.3303310000001147
80000,0.4906623665772695,0.7018730774306629,0.9411,0.6970845907505259,0.02530569448970628,['DoS attacks-SlowHTTPTest'],ids2018,ids2018,multiclass,1337,FeatureCNN,56.77502289999984,0.7271021999999903
80000,0.7087841111352684,0.7650418853837749,0.9706375,0.78401122410444,0.02761522875724386,['DoS attacks-SlowHTTPTest'],ids2018,ids2018,multiclass,1337,RandomForest,21.817596299999877,0.8234011999998074
80000,0.43908208582611075,0.7425345674743543,0.530375,0.6707374239569486,0.5273105969366791,['DoS attacks-SlowHTTPTest'],ids2018,ids2018,multiclass,1337,ShallowMLP,13.026843799999824,0.18614639999987048
80000,0.7132797321556958,0.7633261954419802,0.990125,0.7604186159907294,0.005044136191677175,['DoS attacks-SlowHTTPTest'],ids2018,ids2018,multiclass,1337,SoftVoting,83.01604459999999,2.069893100000172
80000,0.7128755268436413,0.7502747526261129,0.9944125,0.7763874850662392,0.00012752029698060273,['DoS attacks-SlowHTTPTest'],ids2018,ids2018,multiclass,1337,XGBoost,55.8477412000002,1.255478900000071
80000,0.500271950428232,0.6797922423009568,0.9852125,0.5383198447903551,0.005288282144649313,[],unsw,unsw,multiclass,7,DecisionTree,1.713742800000091,0.15099670000017795
80000,0.35828841202777095,0.6417990993175005,0.8944875,0.39166588792156964,0.09681030378671882,[],unsw,unsw,multiclass,7,DeepMLP,73.22267269999998,0.3584587999998803
80000,0.4097480546320506,0.6500380140819919,0.9810875,0.463167364995421,0.008698001775627582,[],unsw,unsw,multiclass,7,FeatureCNN,72.84911370000009,0.7499935000000733
80000,0.5840360896023085,0.7342378454098922,0.9881625,0.6451227323364973,0.005365483343841274,[],unsw,unsw,multiclass,7,RandomForest,8.324924600000031,0.5788700000000517
80000,0.3418715186539324,0.6439660772981332,0.8932375,0.39135293866597937,0.09826425970483409,[],unsw,unsw,multiclass,7,ShallowMLP,22.61923630000001,0.18874690000006922
80000,0.5610222896157527,0.6845188761828174,0.98865,0.6588872314536676,0.005018077947477451,[],unsw,unsw,multiclass,7,SoftVoting,71.89218820000019,1.826781500000152
80000,0.5333499165774885,0.5204604573642695,0.9919625,0.6667540802202467,0.001698426382223137,[],unsw,unsw,multiclass,7,XGBoost,61.85352080000007,1.3398733999999877
80000,0.4909748772035993,0.5780485476763884,0.9823375,0.448577761501021,0.00568853331947998,[],unsw,unsw,multiclass,42,DecisionTree,0.6758500000000254,0.08138959999996587
80000,0.4538108090059597,0.6833382791561415,0.9777125,0.473324960633491,0.009519851422782706,[],unsw,unsw,multiclass,42,DeepMLP,53.974197000000004,0.15990320000003067
80000,0.40606291799986405,0.6147333852095991,0.9740375,0.4508212708932494,0.011649804537839136,[],unsw,unsw,multiclass,42,FeatureCNN,38.06541940000005,0.4557368000000679
80000,0.5425197516733927,0.6267986797589271,0.9847125,0.5461900129002942,0.005896333623387924,[],unsw,unsw,multiclass,42,RandomForest,3.921549099999993,0.3261757000000216
80000,0.42917291250093115,0.6192710249504362,0.9760875,0.4471137974865087,0.009987402106575581,[],unsw,unsw,multiclass,42,ShallowMLP,9.296290999999997,0.11421109999997725
80000,0.5408941974847409,0.5966517914062368,0.9855875,0.567009728369468,0.00535085782562957,[],unsw,unsw,multiclass,42,SoftVoting,39.198473000000035,1.1960044000000494
80000,0.5090122615196855,0.4839465067852678,0.988175,0.5903750131072129,0.0024286660519241008,[],unsw,unsw,multiclass,42,XGBoost,34.60107390000002,0.8392875999999774
80000,0.5778370438893461,0.6717953057615476,0.9843,0.5286458180588676,0.005285107275874731,[],unsw,unsw,multiclass,1337,DecisionTree,1.2666997000001174,0.138052400000106
80000,0.3897185460916971,0.6011990519556797,0.9657625,0.5026013282886328,0.008616167444788334,[],unsw,unsw,multiclass,1337,DeepMLP,67.51613270000007,0.25977999999986423
80000,0.4064172184032871,0.5747122265201331,0.963025,0.4455310419019026,0.009993180506740806,[],unsw,unsw,multiclass,1337,FeatureCNN,44.228705499999705,0.6600908000000345
80000,0.5136727995807111,0.6366861120943204,0.9734125,0.6108700612961024,0.004616272360069244,[],unsw,unsw,multiclass,1337,RandomForest,7.863632600000074,0.5205074999998942
80000,0.388384172116916,0.603503518339698,0.963475,0.4895806399882298,0.01017678224833447,[],unsw,unsw,multiclass,1337,ShallowMLP,12.948995899999773,0.13598310000043057
80000,0.5118500790262609,0.5884779964000042,0.9739125,0.6353651420260227,0.003986780674605256,[],unsw,unsw,multiclass,1337,SoftVoting,57.052835000000414,1.8604732999997395
80000,0.44309431039018293,0.45416287963970364,0.975825,0.6311158765134703,0.002124534438440959,[],unsw,unsw,multiclass,1337,XGBoost,47.92250270000022,1.2592978999996376
