model,source,target,row,kind,features,random_indices,original_score,named_drop,random_drop,advantage
HuggingFaceTB/SmolLM2-1.7B-Instruct,unsw,unsw,366286,detector,"['tcp_win_max_in', 'icmp_ipv4_type', 'longest_flow_pkt']","[[37, 21, 31], [8, 15, 38], [7, 35, 5]]",0.9999971985816956,4.649162292480469e-06,1.5099843343469033e-06,3.1391779581335655e-06
HuggingFaceTB/SmolLM2-1.7B-Instruct,unsw,unsw,1871037,detector,"['tcp_win_max_in', 'num_pkts_1024_to_1514_bytes', 'num_pkts_up_to_128_bytes']","[[8, 7, 33], [7, 34, 9], [12, 34, 18]]",0.9999933242797852,1.2993812561035156e-05,-2.0066897074011436e-06,1.50005022684363e-05
HuggingFaceTB/SmolLM2-1.7B-Instruct,unsw,ids2018,5124375,detector,"['tcp_win_max_out', 'icmp_ipv4_type', 'retransmitted_in_bytes']","[[37, 38, 4], [20, 19, 12], [10, 0, 9]]",0.9942553043365479,0.08556663990020752,0.004897216955820682,0.08066942294438684
HuggingFaceTB/SmolLM2-1.7B-Instruct,ids2018,unsw,1236137,detector,"['max_ttl', 'src_to_dst_avg_throughput', 'num_pkts_up_to_128_bytes']","[[18, 29, 32], [24, 1, 35], [22, 0, 32]]",0.9997088313102722,0.004702925682067871,3.669659296667849e-05,0.004666229089101193
HuggingFaceTB/SmolLM2-1.7B-Instruct,ids2018,unsw,1245641,detector,"['max_ttl', 'min_ttl', 'flow_duration_milliseconds']","[[16, 6, 33], [33, 8, 15], [19, 8, 31]]",0.9995256662368774,0.8045023679733276,0.0019606749216715125,0.8025416930516561
Qwen/Qwen2.5-0.5B-Instruct,unsw,unsw,181574,detector,"['in_pkts', 'longest_flow_pkt']","[[33, 10], [32, 37], [2, 30]]",0.9999883770942688,1.4722347259521484e-05,2.980232238769531e-07,1.4424324035644531e-05
Qwen/Qwen2.5-0.5B-Instruct,unsw,unsw,366286,detector,"['tcp_win_max_in', 'longest_flow_pkt']","[[37, 21], [8, 15], [7, 35]]",0.9999971985816956,3.039836883544922e-06,1.1523564656945595e-06,1.8874804178503624e-06
Qwen/Qwen2.5-0.5B-Instruct,unsw,unsw,427982,detector,"['tcp_win_max_in', 'dst_to_src_second_bytes', 'longest_flow_pkt']","[[18, 20, 29], [15, 37, 31], [21, 22, 30]]",0.9999942183494568,1.3053417205810547e-05,1.7285346984863281e-06,1.1324882507324219e-05
Qwen/Qwen2.5-0.5B-Instruct,unsw,unsw,664579,detector,"['in_pkts', 'longest_flow_pkt']","[[22, 20], [5, 23], [25, 36]]",0.9999883770942688,1.4722347259521484e-05,-3.774960836144814e-07,1.5099843343135966e-05
Qwen/Qwen2.5-0.5B-Instruct,unsw,unsw,1028022,detector,"['max_ttl', 'server_tcp_flags', 'min_ttl']","[[11, 8, 28], [9, 4, 10], [27, 23, 18]]",0.9838306903839111,0.9835135110770352,0.05190795660018921,0.931605554476846
Qwen/Qwen2.5-0.5B-Instruct,unsw,unsw,1058443,detector,"['duration_in', 'duration_out']","[[16, 36], [28, 0], [31, 30]]",0.9973202347755432,0.0,0.0006549954414367676,-0.0006549954414367676
Qwen/Qwen2.5-0.5B-Instruct,unsw,unsw,1423118,detector,"['max_ttl', 'server_tcp_flags', 'min_ttl']","[[25, 23, 2], [6, 14, 10], [32, 33, 9]]",0.784816324710846,0.7848079749610406,0.23348340392112732,0.5513245710399133
Qwen/Qwen2.5-0.5B-Instruct,unsw,unsw,1476691,detector,"['duration_in', 'duration_out']","[[17, 15], [5, 1], [38, 37]]",0.9958123564720154,0.0,0.32634406040112174,-0.32634406040112174
Qwen/Qwen2.5-0.5B-Instruct,unsw,unsw,1547898,detector,"['max_ttl', 'server_tcp_flags', 'min_ttl']","[[21, 29, 35], [20, 3, 2], [0, 3, 8]]",0.9644758701324463,0.9644666546901135,0.018435359001159668,0.9460312956889538
Qwen/Qwen2.5-0.5B-Instruct,unsw,unsw,1563527,detector,"['num_pkts_128_to_256_bytes', 'num_pkts_256_to_512_bytes', 'num_pkts_512_to_1024_bytes']","[[29, 28, 11], [23, 11, 33], [15, 10, 29]]",0.9999814629554749,0.0,-1.2318293253210655e-06,1.2318293253210655e-06
Qwen/Qwen2.5-0.5B-Instruct,unsw,unsw,1849062,detector,"['max_ttl', 'server_tcp_flags']","[[8, 0], [6, 27], [2, 20]]",0.9733884334564209,0.9732549019536236,-0.0016987919807434082,0.974953693934367
Qwen/Qwen2.5-0.5B-Instruct,unsw,unsw,1871037,detector,"['tcp_win_max_in', 'num_pkts_1024_to_1514_bytes', 'num_pkts_up_to_128_bytes']","[[8, 7, 33], [7, 34, 9], [12, 34, 18]]",0.9999933242797852,1.2993812561035156e-05,-2.0066897074011436e-06,1.50005022684363e-05
Qwen/Qwen2.5-0.5B-Instruct,unsw,unsw,1971157,detector,"['tcp_win_max_in', 'num_pkts_1024_to_1514_bytes']","[[18, 28], [31, 6], [0, 38]]",0.9999951720237732,3.635883331298828e-06,-1.9868214962137642e-08,3.6557515462609658e-06
Qwen/Qwen2.5-0.5B-Instruct,unsw,ids2018,504154,detector,"['tcp_win_max_out', 'retransmitted_in_bytes', 'dst_to_src_avg_throughput']","[[34, 5, 0], [0, 9, 15], [12, 3, 24]]",0.994419515132904,0.037791430950164795,9.69370206197473e-05,0.03769449392954505
Qwen/Qwen2.5-0.5B-Instruct,unsw,ids2018,526672,detector,"['in_bytes', 'dns_query_id', 'num_pkts_up_to_128_bytes']","[[26, 16, 34], [33, 20, 28], [2, 4, 6]]",0.9997532367706299,0.0017542839050292969,-3.123283386230469e-05,0.0017855167388916016
Qwen/Qwen2.5-0.5B-Instruct,unsw,ids2018,863548,detector,"['tcp_win_max_out', 'tcp_win_max_in', 'src_to_dst_second_bytes']","[[20, 28, 14], [28, 17, 20], [11, 33, 36]]",0.9998846650123596,0.00918501615524292,-2.6265780130985128e-05,0.009211281935373905
Qwen/Qwen2.5-0.5B-Instruct,unsw,ids2018,1247706,detector,"['tcp_win_max_in', 'tcp_win_max_out']","[[17, 22], [24, 2], [9, 19]]",0.9995118975639343,0.010961949825286865,-0.000270843505859375,0.01123279333114624
Qwen/Qwen2.5-0.5B-Instruct,unsw,ids2018,3228906,detector,"['in_bytes', 'dns_query_id', 'num_pkts_up_to_128_bytes']","[[7, 10, 9], [28, 13, 1], [2, 3, 5]]",0.9997142553329468,0.0016684532165527344,1.6371409098270284e-05,0.001652081807454464
Qwen/Qwen2.5-0.5B-Instruct,unsw,ids2018,5124375,detector,"['tcp_win_max_out', 'retransmitted_in_bytes']","[[37, 38], [20, 19], [10, 0]]",0.9942553043365479,0.03518611192703247,0.007059673468271854,0.028126438458760616
Qwen/Qwen2.5-0.5B-Instruct,unsw,ids2018,5998673,detector,"['tcp_win_max_out', 'tcp_win_max_in', 'duration_in']","[[38, 28, 9], [15, 12, 1], [30, 33, 34]]",0.9994713068008423,0.023875534534454346,0.0013449788093566895,0.022530555725097656
Qwen/Qwen2.5-0.5B-Instruct,unsw,ids2018,6392601,detector,"['in_bytes', 'dns_query_id', 'in_pkts']","[[29, 26, 13], [24, 12, 4], [6, 18, 15]]",0.9995917081832886,0.005409538745880127,0.0006495515505472449,0.004759987195332882
Qwen/Qwen2.5-0.5B-Instruct,unsw,ids2018,8475280,detector,"['tcp_win_max_in', 'tcp_win_max_out']","[[13, 29], [22, 1], [26, 33]]",0.9984330534934998,0.05086171627044678,-0.0002761681874593469,0.051137884457906124
Qwen/Qwen2.5-0.5B-Instruct,unsw,ids2018,8535025,detector,"['tcp_win_max_in', 'tcp_win_max_out']","[[16, 37], [22, 38], [17, 8]]",0.9993439316749573,0.010849058628082275,0.0018703937530517578,0.008978664875030518
Qwen/Qwen2.5-0.5B-Instruct,unsw,ids2018,8632909,detector,"['tcp_win_max_in', 'tcp_win_max_out']","[[25, 28], [28, 38], [4, 18]]",0.9995495080947876,0.010126769542694092,0.0008654197057088586,0.009261349836985233
Qwen/Qwen2.5-0.5B-Instruct,unsw,ids2018,9041050,detector,"['tcp_win_max_in', 'tcp_win_max_out']","[[33, 18], [31, 17], [5, 24]]",0.9995865821838379,0.009301483631134033,-0.00010852018992102419,0.009410003821055057
Qwen/Qwen2.5-0.5B-Instruct,unsw,ids2018,9563273,detector,"['in_bytes', 'dns_query_id', 'num_pkts_up_to_128_bytes']","[[11, 34, 31], [33, 23, 2], [8, 31, 33]]",0.9997370839118958,0.0018312931060791016,3.0199686685827842e-06,0.0018282731374105188
Qwen/Qwen2.5-0.5B-Instruct,unsw,ids2018,15077162,detector,"['tcp_win_max_out', 'icmp_ipv4_type', 'l7_proto']","[[32, 26, 14], [24, 18, 30], [2, 0, 3]]",0.9892460107803345,0.1313544511795044,0.0008525649706522254,0.13050188620885217
Qwen/Qwen2.5-0.5B-Instruct,unsw,ids2018,15680092,detector,"['tcp_win_max_out', 'tcp_win_max_in', 'retransmitted_in_pkts']","[[10, 30, 3], [15, 7, 16], [27, 21, 0]]",0.996950626373291,0.11115986108779907,-0.00014986594518029417,0.11130972703297937
Qwen/Qwen2.5-0.5B-Instruct,unsw,ids2018,16435528,detector,"['in_bytes', 'dns_query_id', 'num_pkts_up_to_128_bytes']","[[38, 33, 34], [29, 22, 33], [11, 7, 21]]",0.9997370839118958,0.0018312931060791016,-2.384185791015625e-07,0.0018315315246582031
Qwen/Qwen2.5-0.5B-Instruct,unsw,ids2018,16716642,detector,"['tcp_win_max_out', 'tcp_win_max_in', 'duration_in']","[[27, 30, 29], [21, 36, 30], [5, 13, 7]]",0.9994685649871826,0.01770174503326416,-9.655952453613281e-06,0.017711400985717773
Qwen/Qwen2.5-0.5B-Instruct,ids2018,unsw,187230,own,"['duration_in', 'duration_out', 'num_pkts_1024_to_1514_bytes']","[[15, 11, 4], [2, 0, 36], [3, 12, 11]]",0.7143144607543945,0.0,0.004749476909637451,-0.004749476909637451
Qwen/Qwen2.5-0.5B-Instruct,ids2018,unsw,427982,own,"['duration_in', 'duration_out']","[[18, 20], [15, 37], [21, 22]]",0.6713148355484009,0.0,-0.0037147005399068567,0.0037147005399068567
Qwen/Qwen2.5-0.5B-Instruct,ids2018,unsw,553221,own,"['in_pkts', 'num_pkts_1024_to_1514_bytes']","[[22, 23], [1, 11], [23, 31]]",0.702329158782959,-0.005503296852111816,-0.0027794639269510535,-0.002723832925160763
Qwen/Qwen2.5-0.5B-Instruct,ids2018,unsw,664579,own,"['duration_in', 'duration_out', 'num_pkts_1024_to_1514_bytes']","[[22, 20, 31], [5, 23, 13], [25, 36, 20]]",0.6990057229995728,0.0,-0.004608472188313839,0.004608472188313839
Qwen/Qwen2.5-0.5B-Instruct,ids2018,unsw,1028022,own,"['duration_in', 'duration_out']","[[11, 8], [9, 4], [27, 23]]",0.7063122987747192,0.0,0.002981742223103878,-0.002981742223103878
Qwen/Qwen2.5-0.5B-Instruct,ids2018,unsw,1048656,own,"['duration_in', 'duration_out']","[[12, 33], [32, 2], [34, 22]]",0.6971556544303894,0.0,0.0001782377560933801,-0.0001782377560933801
Qwen/Qwen2.5-0.5B-Instruct,ids2018,unsw,1058443,own,"['duration_in', 'duration_out']","[[16, 36], [28, 0], [31, 30]]",0.7392257452011108,0.0,0.00910794734954834,-0.00910794734954834
Qwen/Qwen2.5-0.5B-Instruct,ids2018,unsw,1236137,own,"['duration_in', 'duration_out', 'num_pkts_1024_to_1514_bytes']","[[18, 29, 32], [24, 1, 35], [22, 0, 32]]",0.725274384021759,0.0,-0.0012020071347554895,0.0012020071347554895
Qwen/Qwen2.5-0.5B-Instruct,ids2018,unsw,1245641,own,"['duration_in', 'duration_out', 'num_pkts_1024_to_1514_bytes']","[[16, 6, 33], [33, 8, 15], [19, 8, 31]]",0.7083224654197693,-0.02118903398513794,-0.003288129965464237,-0.017900904019673702
Qwen/Qwen2.5-0.5B-Instruct,ids2018,unsw,1423118,own,"['duration_in', 'duration_out', 'num_pkts_1024_to_1514_bytes']","[[25, 23, 2], [6, 14, 10], [32, 33, 9]]",0.7392842173576355,0.0,0.010291039943695068,-0.010291039943695068
Qwen/Qwen2.5-0.5B-Instruct,ids2018,unsw,1476691,own,"['duration_in', 'duration_out']","[[17, 15], [5, 1], [38, 37]]",0.6871594786643982,0.0,0.0011082092920938758,-0.0011082092920938758
Qwen/Qwen2.5-0.5B-Instruct,ids2018,unsw,1563527,own,"['duration_in', 'duration_out', 'num_pkts_1024_to_1514_bytes']","[[29, 28, 11], [23, 11, 33], [15, 10, 29]]",0.70941561460495,0.0,0.0001391768455505371,-0.0001391768455505371
Qwen/Qwen2.5-0.5B-Instruct,ids2018,unsw,1849062,own,"['duration_in', 'duration_out', 'num_pkts_1024_to_1514_bytes']","[[8, 0, 20], [6, 27, 2], [2, 20, 36]]",0.7107977271080017,0.0,0.009857018788655636,-0.009857018788655636
Qwen/Qwen2.5-0.5B-Instruct,ids2018,unsw,187230,detector,"['in_bytes', 'tcp_flags', 'dns_query_type']","[[15, 11, 4], [2, 0, 36], [3, 12, 11]]",0.9920955896377563,0.056051552295684814,0.0176750818888346,0.038376470406850216
Qwen/Qwen2.5-0.5B-Instruct,ids2018,unsw,427982,detector,"['longest_flow_pkt', 'num_pkts_128_to_256_bytes', 'num_pkts_256_to_512_bytes']","[[18, 20, 29], [15, 37, 31], [21, 22, 30]]",0.9966554045677185,9.226799011230469e-05,0.0017354885737100867,-0.001643220583597782
Qwen/Qwen2.5-0.5B-Instruct,ids2018,unsw,553221,detector,"['in_bytes', 'in_pkts', 'tcp_flags']","[[22, 23, 17], [1, 11, 20], [23, 31, 35]]",0.9949584007263184,0.021123826503753662,-0.00048595666885375977,0.021609783172607422
Qwen/Qwen2.5-0.5B-Instruct,ids2018,unsw,1028022,detector,"['tcp_flags', 'max_ttl', 'client_tcp_flags']","[[11, 8, 28], [9, 4, 10], [27, 23, 18]]",0.9931516647338867,0.26177287101745605,0.0014126102129617957,0.26036026080449426
Qwen/Qwen2.5-0.5B-Instruct,ids2018,unsw,1048656,detector,"['tcp_flags', 'max_ttl', 'client_tcp_flags']","[[12, 33, 34], [32, 2, 24], [34, 22, 2]]",0.9986177682876587,0.05600398778915405,0.00027587016423546995,0.05572811762491858
Qwen/Qwen2.5-0.5B-Instruct,ids2018,unsw,1058443,detector,"['duration_in', 'duration_out']","[[16, 36], [28, 0], [31, 30]]",0.9996753334999084,0.0,-5.2670637766483175e-05,5.2670637766483175e-05
Qwen/Qwen2.5-0.5B-Instruct,ids2018,unsw,1104934,detector,"['num_pkts_up_to_128_bytes', 'tcp_win_max_in', 'max_ttl']","[[3, 9, 6], [38, 31, 33], [17, 14, 19]]",0.9899466633796692,0.02723151445388794,-0.0010340611139932898,0.02826557556788123
Qwen/Qwen2.5-0.5B-Instruct,ids2018,unsw,1236137,detector,"['duration_in', 'duration_out']","[[18, 29], [24, 1], [22, 0]]",0.9997088313102722,0.0,1.621246337890625e-05,-1.621246337890625e-05
Qwen/Qwen2.5-0.5B-Instruct,ids2018,unsw,1245641,detector,"['duration_in', 'duration_out']","[[16, 6], [33, 8], [19, 8]]",0.9995256662368774,0.0008780360221862793,0.0019479195276895789,-0.0010698835055032996
Qwen/Qwen2.5-0.5B-Instruct,ids2018,unsw,1423118,detector,"['duration_in', 'duration_out']","[[25, 23], [6, 14], [32, 33]]",0.9999804496765137,0.0,6.953875223425499e-07,-6.953875223425499e-07
Qwen/Qwen2.5-0.5B-Instruct,ids2018,unsw,1476691,detector,"['num_pkts_up_to_128_bytes', 'dst_to_src_avg_throughput']","[[17, 15], [5, 1], [38, 37]]",0.9984084367752075,0.009928107261657715,-6.713469823205198e-05,0.009995241959889767
Qwen/Qwen2.5-0.5B-Instruct,ids2018,unsw,1563527,detector,"['in_bytes', 'dns_query_type', 'tcp_flags']","[[29, 28, 11], [23, 11, 33], [15, 10, 29]]",0.991803765296936,0.06946539878845215,0.0014431277910867957,0.06802227099736535
Qwen/Qwen2.5-0.5B-Instruct,ids2018,unsw,1849062,detector,"['duration_in', 'duration_out']","[[8, 0], [6, 27], [2, 20]]",0.9999063014984131,0.0,0.0,0.0
Qwen/Qwen2.5-0.5B-Instruct,ids2018,unsw,1871037,detector,"['duration_in', 'duration_out']","[[8, 7], [7, 34], [12, 34]]",0.9737437963485718,-0.004885256290435791,-0.001589496930440304,-0.003295759359995487
Qwen/Qwen2.5-0.5B-Instruct,ids2018,unsw,1942006,detector,"['in_bytes', 'out_pkts', 'num_pkts_up_to_128_bytes']","[[4, 19, 16], [24, 17, 20], [4, 38, 37]]",0.5590816140174866,0.3722459077835083,-0.010799547036488888,0.3830454548199972
Qwen/Qwen2.5-0.5B-Instruct,ids2018,unsw,1971157,detector,"['duration_in', 'num_pkts_128_to_256_bytes']","[[18, 28], [31, 6], [0, 38]]",0.9988330602645874,0.002786576747894287,0.0016713738441467285,0.0011152029037475586
Qwen/Qwen2.5-0.5B-Instruct,ids2018,ids2018,526672,own,"['duration_in', 'duration_out', 'num_pkts_1024_to_1514_bytes']","[[26, 16, 34], [33, 20, 28], [2, 4, 6]]",0.716492235660553,0.0,0.0034489830334981653,-0.0034489830334981653
Qwen/Qwen2.5-0.5B-Instruct,ids2018,ids2018,863548,own,"['duration_in', 'duration_out']","[[20, 28], [28, 17], [11, 33]]",0.6729381680488586,-0.02623075246810913,0.00038544336954748903,-0.02661619583765662
Qwen/Qwen2.5-0.5B-Instruct,ids2018,ids2018,1247706,own,"['duration_in', 'duration_out']","[[17, 22], [24, 2], [9, 19]]",0.6935605406761169,-0.02115112543106079,-0.005790293216705322,-0.015360832214355469
Qwen/Qwen2.5-0.5B-Instruct,ids2018,ids2018,3202532,own,"['duration_in', 'duration_out', 'num_pkts_1024_to_1514_bytes']","[[7, 17, 33], [36, 16, 25], [24, 33, 7]]",0.7050803303718567,-0.008541882038116455,0.0003291765848795203,-0.008871058622995975
Qwen/Qwen2.5-0.5B-Instruct,ids2018,ids2018,3228906,own,"['duration_in', 'duration_out', 'num_pkts_1024_to_1514_bytes']","[[7, 10, 9], [28, 13, 1], [2, 3, 5]]",0.7192800641059875,0.0,0.00866711139678955,-0.00866711139678955
Qwen/Qwen2.5-0.5B-Instruct,ids2018,ids2018,6392601,own,"['duration_in', 'duration_out', 'num_pkts_1024_to_1514_bytes']","[[29, 26, 13], [24, 12, 4], [6, 18, 15]]",0.7050232291221619,0.0,-0.0018430550893148157,0.0018430550893148157
Qwen/Qwen2.5-0.5B-Instruct,ids2018,ids2018,8475280,own,"['duration_in', 'duration_out', 'num_pkts_1024_to_1514_bytes']","[[13, 29, 16], [22, 1, 36], [26, 33, 36]]",0.708308756351471,-0.02292269468307495,0.002326488494873047,-0.025249183177947998
Qwen/Qwen2.5-0.5B-Instruct,ids2018,ids2018,8632909,own,"['duration_in', 'duration_out']","[[25, 28], [28, 38], [4, 18]]",0.7050799131393433,-0.020277023315429688,0.004414041837056515,-0.024691065152486202
Qwen/Qwen2.5-0.5B-Instruct,ids2018,ids2018,9041050,own,"['duration_in', 'duration_out']","[[33, 18], [31, 17], [5, 24]]",0.7042709589004517,-0.020463109016418457,0.003484825293223026,-0.023947934309641483
Qwen/Qwen2.5-0.5B-Instruct,ids2018,ids2018,9563273,own,"['duration_in', 'duration_out', 'num_pkts_1024_to_1514_bytes']","[[11, 34, 31], [33, 23, 2], [8, 31, 33]]",0.7180660963058472,0.0,0.005028227965036991,-0.005028227965036991
Qwen/Qwen2.5-0.5B-Instruct,ids2018,ids2018,13843066,own,"['duration_in', 'duration_out', 'num_pkts_1024_to_1514_bytes']","[[31, 16, 8], [22, 30, 15], [24, 5, 32]]",0.7153183817863464,0.0,0.005116581916809082,-0.005116581916809082
Qwen/Qwen2.5-0.5B-Instruct,ids2018,ids2018,15077162,own,"['duration_in', 'duration_out']","[[32, 26], [24, 18], [2, 0]]",0.698581337928772,0.0,-0.0036104520161946985,0.0036104520161946985
Qwen/Qwen2.5-0.5B-Instruct,ids2018,ids2018,16435528,own,"['duration_in', 'duration_out', 'num_pkts_1024_to_1514_bytes']","[[38, 33, 34], [29, 22, 33], [11, 7, 21]]",0.7175503373146057,0.0,0.006285528341929081,-0.006285528341929081
Qwen/Qwen2.5-0.5B-Instruct,ids2018,ids2018,504154,detector,"['duration_in', 'dst_to_src_second_bytes']","[[34, 5], [0, 9], [12, 3]]",0.9743263125419617,0.25802987813949585,-0.002144753932952881,0.26017463207244873
Qwen/Qwen2.5-0.5B-Instruct,ids2018,ids2018,1247706,detector,"['tcp_win_max_in', 'l7_proto', 'duration_in']","[[17, 22, 0], [24, 2, 34], [9, 19, 5]]",0.9999563694000244,0.12523752450942993,0.00018890698750817503,0.12504861752192176
Qwen/Qwen2.5-0.5B-Instruct,ids2018,ids2018,3228906,detector,"['in_bytes', 'dns_query_type', 'tcp_flags']","[[7, 10, 9], [28, 13, 1], [2, 3, 5]]",0.9958471059799194,0.02426367998123169,0.003338952859242794,0.020924727121988895
Qwen/Qwen2.5-0.5B-Instruct,ids2018,ids2018,5124375,detector,"['dst_to_src_second_bytes', 'duration_in', 'out_pkts']","[[37, 38, 4], [20, 19, 12], [10, 0, 9]]",0.9996898174285889,0.0025187134742736816,0.00033718347549438477,0.002181529998779297
Qwen/Qwen2.5-0.5B-Instruct,ids2018,ids2018,5998673,detector,"['tcp_win_max_in', 'l7_proto', 'duration_in']","[[38, 28, 9], [15, 12, 1], [30, 33, 34]]",0.9999264478683472,0.2419726848602295,0.00017170111338293825,0.24180098374684655
Qwen/Qwen2.5-0.5B-Instruct,ids2018,ids2018,8535025,detector,"['tcp_win_max_in', 'l7_proto', 'duration_in']","[[16, 37, 9], [22, 38, 18], [17, 8, 7]]",0.9999213218688965,0.2869243621826172,0.002284705638885498,0.2846396565437317
Qwen/Qwen2.5-0.5B-Instruct,ids2018,ids2018,8632909,detector,"['tcp_win_max_in', 'l7_proto', 'duration_in']","[[25, 28, 5], [28, 38, 29], [4, 18, 10]]",0.999951958656311,0.1644066572189331,3.2782554626464844e-05,0.16437387466430664
Qwen/Qwen2.5-0.5B-Instruct,ids2018,ids2018,9041050,detector,"['tcp_win_max_in', 'l7_proto', 'duration_in']","[[33, 18, 34], [31, 17, 21], [5, 24, 20]]",0.999951958656311,0.16057831048965454,0.0004827777544657019,0.16009553273518884
Qwen/Qwen2.5-0.5B-Instruct,ids2018,ids2018,13843066,detector,"['tcp_flags', 'longest_flow_pkt', 'client_tcp_flags']","[[31, 16, 8], [22, 30, 15], [24, 5, 32]]",0.9942180514335632,0.0766720175743103,0.0035128394762674597,0.07315917809804284
Qwen/Qwen2.5-0.5B-Instruct,ids2018,ids2018,15077162,detector,"['src_to_dst_avg_throughput', 'dst_to_src_avg_throughput']","[[32, 26], [24, 18], [2, 0]]",0.9999147653579712,0.014438867568969727,4.939238230383669e-05,0.01438947518666589
Qwen/Qwen2.5-0.5B-Instruct,ids2018,ids2018,15680092,detector,"['in_bytes', 'tcp_win_max_in']","[[10, 30], [15, 7], [27, 21]]",0.9994022846221924,0.07242763042449951,4.216035207116331e-05,0.07238547007242835
Qwen/Qwen2.5-0.5B-Instruct,ids2018,ids2018,16716642,detector,"['tcp_win_max_in', 'duration_in']","[[27, 30], [21, 36], [5, 13]]",0.999906063079834,0.17907696962356567,0.00014138221740722656,0.17893558740615845
